{"scrutin": {"@xmlns": "http://schemas.assemblee-nationale.fr/referentiel", "@xmlns:xsi": "http://www.w3.org/2001/XMLSchema-instance", "uid": "VTANR5L16V3412", "numero": "3412", "organeRef": "PO791932", "legislature": "16", "sessionRef": "SCR5A2024O1", "seanceRef": "RUANR5L16S2024IDS28119", "dateScrutin": "2024-03-06", "quantiemeJourSeance": "1", "typeVote": {"codeTypeVote": "SPO", "libelleTypeVote": "scrutin public ordinaire", "typeMajorite": "majorit\u00e9 absolue des suffrages exprim\u00e9s"}, "sort": {"code": "rejet\u00e9", "libelle": "L'Assembl\u00e9e nationale n'a pas adopt\u00e9"}, "titre": "l'amendement n\u00b0 18 de M. Bernalicis de suppression de l'article premier de la proposition de loi visant \u00e0 renforcer la r\u00e9ponse p\u00e9nale contre les infractions \u00e0 caract\u00e8re raciste, antis\u00e9mite ou discriminatoire (premi\u00e8re lecture).", "demandeur": {"texte": "Pr\u00e9sident du groupe \"Renaissance\"", "referenceLegislative": null}, "objet": {"libelle": "l'amendement n\u00b0 18 de M. Bernalicis de suppression de l'article premier de la proposition de loi visant \u00e0 renforcer la r\u00e9ponse p\u00e9nale contre les infractions \u00e0 caract\u00e8re raciste, antis\u00e9mite ou discriminatoire (premi\u00e8re lecture).", "referenceLegislative": null}, "modePublicationDesVotes": "DecompteNominatif", "syntheseVote": {"nombreVotants": "115", "suffragesExprimes": "109", "nbrSuffragesRequis": "55", "annonce": "L'Assembl\u00e9e nationale n'a pas adopt\u00e9", "decompte": {"nonVotants": "1", "pour": "34", "contre": "75", "abstentions": "6", "nonVotantsVolontaires": "0"}}, "ventilationVotes": {"organe": {"organeRef": "PO791932", "groupes": {"groupe": [{"organeRef": "PO800538", "nombreMembresGroupe": "169", "vote": {"positionMajoritaire": "contre", "decompteVoix": {"nonVotants": "0", "pour": "0", "contre": "51", "abstentions": "0", "nonVotantsVolontaires": "0"}, "decompteNominatif": {"nonVotants": null, "pours": null, "contres": {"votant": [{"acteurRef": "PA345722", "mandatRef": "PM797718", "parDelegation": "false"}, {"acteurRef": "PA643184", "mandatRef": "PM797142", "parDelegation": "true"}, {"acteurRef": "PA722398", "mandatRef": "PM797217", "parDelegation": "false"}, {"acteurRef": "PA340643", "mandatRef": "PM796335", "parDelegation": "false"}, {"acteurRef": "PA793194", "mandatRef": "PM796200", "parDelegation": "false"}, {"acteurRef": "PA267336", "mandatRef": "PM796152", "parDelegation": "false"}, {"acteurRef": "PA330357", "mandatRef": "PM834855", "parDelegation": "false"}, {"acteurRef": "PA721722", "mandatRef": "PM797502", "parDelegation": "false"}, {"acteurRef": "PA795386", "mandatRef": "PM797454", "parDelegation": "false"}, {"acteurRef": "PA606507", "mandatRef": "PM796605", "parDelegation": "false"}, {"acteurRef": "PA677483", "mandatRef": "PM796233", "parDelegation": "false"}, {"acteurRef": "PA718930", "mandatRef": "PM796287", "parDelegation": "false"}, {"acteurRef": "PA719006", "mandatRef": "PM796296", "parDelegation": "false"}, {"acteurRef": "PA719108", "mandatRef": "PM796410", "parDelegation": "false"}, {"acteurRef": "PA719404", "mandatRef": "PM796539", "parDelegation": "false"}, {"acteurRef": "PA719472", "mandatRef": "PM796533", "parDelegation": "false"}, {"acteurRef": "PA719550", "mandatRef": "PM796551", "parDelegation": "true"}, {"acteurRef": "PA719756", "mandatRef": "PM796701", "parDelegation": "true"}, {"acteurRef": "PA719814", "mandatRef": "PM796644", "parDelegation": "false"}, {"acteurRef": "PA719866", "mandatRef": "PM796671", "parDelegation": "false"}, {"acteurRef": "PA720022", "mandatRef": "PM796866", "parDelegation": "false"}, {"acteurRef": "PA720414", "mandatRef": "PM797019", "parDelegation": "false"}, {"acteurRef": "PA720446", "mandatRef": "PM797031", "parDelegation": "false"}, {"acteurRef": "PA720480", "mandatRef": "PM796944", "parDelegation": "false"}, {"acteurRef": "PA720754", "mandatRef": "PM797121", "parDelegation": "false"}, {"acteurRef": "PA720900", "mandatRef": "PM797553", "parDelegation": "false"}, {"acteurRef": "PA721004", "mandatRef": "PM797496", "parDelegation": "false"}, {"acteurRef": "PA721328", "mandatRef": "PM797250", "parDelegation": "false"}, {"acteurRef": "PA721710", "mandatRef": "PM797505", "parDelegation": "false"}, {"acteurRef": "PA722054", "mandatRef": "PM797598", "parDelegation": "false"}, {"acteurRef": "PA722292", "mandatRef": "PM797241", "parDelegation": "false"}, {"acteurRef": "PA793270", "mandatRef": "PM796239", "parDelegation": "false"}, {"acteurRef": "PA793500", "mandatRef": "PM796365", "parDelegation": "true"}, {"acteurRef": "PA794386", "mandatRef": "PM796893", "parDelegation": "false"}, {"acteurRef": "PA794798", "mandatRef": "PM797124", "parDelegation": "false"}, {"acteurRef": "PA795050", "mandatRef": "PM797274", "parDelegation": "false"}, {"acteurRef": "PA795528", "mandatRef": "PM797535", "parDelegation": "false"}, {"acteurRef": "PA795730", "mandatRef": "PM797652", "parDelegation": "false"}, {"acteurRef": "PA795926", "mandatRef": "PM797757", "parDelegation": "false"}, {"acteurRef": "PA642695", "mandatRef": "PM796389", "parDelegation": "false"}, {"acteurRef": "PA719910", "mandatRef": "PM796728", "parDelegation": "false"}, {"acteurRef": "PA721632", "mandatRef": "PM802647", "parDelegation": "false"}, {"acteurRef": "PA795046", "mandatRef": "PM802641", "parDelegation": "false"}, {"acteurRef": "PA795934", "mandatRef": "PM802645", "parDelegation": "false"}, {"acteurRef": "PA795326", "mandatRef": "PM803272", "parDelegation": "false"}, {"acteurRef": "PA795688", "mandatRef": "PM826706", "parDelegation": "false"}, {"acteurRef": "PA793944", "mandatRef": "PM826704", "parDelegation": "false"}, {"acteurRef": "PA719190", "mandatRef": "PM826700", "parDelegation": "false"}, {"acteurRef": "PA643048", "mandatRef": "PM826708", "parDelegation": "false"}, {"acteurRef": "PA795774", "mandatRef": "PM827436", "parDelegation": "false"}, {"acteurRef": "PA795572", "mandatRef": "PM834867", "parDelegation": "false"}]}, "abstentions": null}}}, {"organeRef": "PO800520", "nombreMembresGroupe": "88", "vote": {"positionMajoritaire": "pour", "decompteVoix": {"nonVotants": "0", "pour": "26", "contre": "0", "abstentions": "0", "nonVotantsVolontaires": "0"}, "decompteNominatif": {"nonVotants": null, "pours": {"votant": [{"acteurRef": "PA793382", "mandatRef": "PM796293", "parDelegation": "false"}, {"acteurRef": "PA795552", "mandatRef": "PM797547", "parDelegation": "false"}, {"acteurRef": "PA794670", "mandatRef": "PM797049", "parDelegation": "false"}, {"acteurRef": "PA793218", "mandatRef": "PM796215", "parDelegation": "false"}, {"acteurRef": "PA793238", "mandatRef": "PM796224", "parDelegation": "false"}, {"acteurRef": "PA793290", "mandatRef": "PM796248", "parDelegation": "false"}, {"acteurRef": "PA793298", "mandatRef": "PM796251", "parDelegation": "false"}, {"acteurRef": "PA793362", "mandatRef": "PM796284", "parDelegation": "false"}, {"acteurRef": "PA793374", "mandatRef": "PM796290", "parDelegation": "false"}, {"acteurRef": "PA793608", "mandatRef": "PM796434", "parDelegation": "false"}, {"acteurRef": "PA793928", "mandatRef": "PM796608", "parDelegation": "true"}, {"acteurRef": "PA794322", "mandatRef": "PM796851", "parDelegation": "false"}, {"acteurRef": "PA794434", "mandatRef": "PM796920", "parDelegation": "false"}, {"acteurRef": "PA794502", "mandatRef": "PM796962", "parDelegation": "true"}, {"acteurRef": "PA794522", "mandatRef": "PM796971", "parDelegation": "false"}, {"acteurRef": "PA794538", "mandatRef": "PM796977", "parDelegation": "true"}, {"acteurRef": "PA794562", "mandatRef": "PM796995", "parDelegation": "false"}, {"acteurRef": "PA794638", "mandatRef": "PM797034", "parDelegation": "false"}, {"acteurRef": "PA794734", "mandatRef": "PM797091", "parDelegation": "false"}, {"acteurRef": "PA794886", "mandatRef": "PM797178", "parDelegation": "false"}, {"acteurRef": "PA795900", "mandatRef": "PM797745", "parDelegation": "false"}, {"acteurRef": "PA796026", "mandatRef": "PM797814", "parDelegation": "false"}, {"acteurRef": "PA796042", "mandatRef": "PM797820", "parDelegation": "false"}, {"acteurRef": "PA796118", "mandatRef": "PM797859", "parDelegation": "false"}, {"acteurRef": "PA721932", "mandatRef": "PM797361", "parDelegation": "false"}, {"acteurRef": "PA720668", "mandatRef": "PM797106", "parDelegation": "false"}]}, "contres": null, "abstentions": null}}}, {"organeRef": "PO800490", "nombreMembresGroupe": "75", "vote": {"positionMajoritaire": "pour", "decompteVoix": {"nonVotants": "1", "pour": "8", "contre": "0", "abstentions": "2", "nonVotantsVolontaires": "2"}, "decompteNominatif": {"nonVotants": {"votant": {"acteurRef": "PA720286", "mandatRef": "PM796878", "causePositionVote": "PSE"}}, "pours": {"votant": [{"acteurRef": "PA721960", "mandatRef": "PM797811", "parDelegation": "false"}, {"acteurRef": "PA795982", "mandatRef": "PM797787", "parDelegation": "false"}, {"acteurRef": "PA793262", "mandatRef": "PM796236", "parDelegation": "false"}, {"acteurRef": "PA794138", "mandatRef": "PM796734", "parDelegation": "false"}, {"acteurRef": "PA795228", "mandatRef": "PM797370", "parDelegation": "false"}, {"acteurRef": "PA795746", "mandatRef": "PM797661", "parDelegation": "false"}, {"acteurRef": "PA796062", "mandatRef": "PM797832", "parDelegation": "false"}, {"acteurRef": "PA817211", "mandatRef": "PM817366", "parDelegation": "false"}]}, "contres": null, "abstentions": {"votant": [{"acteurRef": "PA794130", "mandatRef": "PM796731", "parDelegation": "false"}, {"acteurRef": "PA794906", "mandatRef": "PM797187", "parDelegation": "false"}]}}}}, {"organeRef": "PO800508", "nombreMembresGroupe": "62", "vote": {"positionMajoritaire": "contre", "decompteVoix": {"nonVotants": "0", "pour": "0", "contre": "6", "abstentions": "1", "nonVotantsVolontaires": "1"}, "decompteNominatif": {"nonVotants": null, "pours": null, "contres": {"votant": [{"acteurRef": "PA720586", "mandatRef": "PM797088", "parDelegation": "false"}, {"acteurRef": "PA721816", "mandatRef": "PM797571", "parDelegation": "false"}, {"acteurRef": "PA718784", "mandatRef": "PM796266", "parDelegation": "false"}, {"acteurRef": "PA718884", "mandatRef": "PM796218", "parDelegation": "false"}, {"acteurRef": "PA695100", "mandatRef": "PM823124", "parDelegation": "false"}, {"acteurRef": "PA342240", "mandatRef": "PM796707", "parDelegation": "false"}]}, "abstentions": {"votant": {"acteurRef": "PA722390", "mandatRef": "PM797214", "parDelegation": "false"}}}}}, {"organeRef": "PO800484", "nombreMembresGroupe": "50", "vote": {"positionMajoritaire": "contre", "decompteVoix": {"nonVotants": "0", "pour": "0", "contre": "8", "abstentions": "0", "nonVotantsVolontaires": "0"}, "decompteNominatif": {"nonVotants": null, "pours": null, "contres": {"votant": [{"acteurRef": "PA720038", "mandatRef": "PM796746", "parDelegation": "true"}, {"acteurRef": "PA720720", "mandatRef": "PM797076", "parDelegation": "false"}, {"acteurRef": "PA720772", "mandatRef": "PM797169", "parDelegation": "false"}, {"acteurRef": "PA793122", "mandatRef": "PM796161", "parDelegation": "false"}, {"acteurRef": "PA794702", "mandatRef": "PM797070", "parDelegation": "false"}, {"acteurRef": "PA794810", "mandatRef": "PM797130", "parDelegation": "false"}, {"acteurRef": "PA795100", "mandatRef": "PM797301", "parDelegation": "false"}, {"acteurRef": "PA795258", "mandatRef": "PM797385", "parDelegation": "false"}]}, "abstentions": null}}}, {"organeRef": "PO800496", "nombreMembresGroupe": "31", "vote": {"positionMajoritaire": "contre", "decompteVoix": {"nonVotants": "0", "pour": "0", "contre": "3", "abstentions": "0", "nonVotantsVolontaires": "0"}, "decompteNominatif": {"nonVotants": null, "pours": null, "contres": {"votant": [{"acteurRef": "PA608695", "mandatRef": "PM797220", "parDelegation": "false"}, {"acteurRef": "PA793624", "mandatRef": "PM796440", "parDelegation": "false"}, {"acteurRef": "PA1567", "mandatRef": "PM797631", "parDelegation": "false"}]}, "abstentions": null}}}, {"organeRef": "PO800514", "nombreMembresGroupe": "30", "vote": {"positionMajoritaire": "contre", "decompteVoix": {"nonVotants": "0", "pour": "0", "contre": "4", "abstentions": "0", "nonVotantsVolontaires": "0"}, "decompteNominatif": {"nonVotants": null, "pours": null, "contres": {"votant": [{"acteurRef": "PA267780", "mandatRef": "PM834858", "parDelegation": "false"}, {"acteurRef": "PA793398", "mandatRef": "PM796302", "parDelegation": "false"}, {"acteurRef": "PA794426", "mandatRef": "PM796917", "parDelegation": "false"}, {"acteurRef": "PA794470", "mandatRef": "PM796947", "parDelegation": "false"}]}, "abstentions": null}}}, {"organeRef": "PO800502", "nombreMembresGroupe": "22", "vote": {"positionMajoritaire": "abstention", "decompteVoix": {"nonVotants": "0", "pour": "0", "contre": "0", "abstentions": "1", "nonVotantsVolontaires": "1"}, "decompteNominatif": {"nonVotants": null, "pours": null, "contres": null, "abstentions": {"votant": {"acteurRef": "PA793174", "mandatRef": "PM796188", "parDelegation": "false"}}}}}, {"organeRef": "PO800526", "nombreMembresGroupe": "22", "vote": {"positionMajoritaire": "abstention", "decompteVoix": {"nonVotants": "0", "pour": "0", "contre": "0", "abstentions": "2", "nonVotantsVolontaires": "2"}, "decompteNominatif": {"nonVotants": null, "pours": null, "contres": null, "abstentions": {"votant": [{"acteurRef": "PA794022", "mandatRef": "PM796662", "parDelegation": "false"}, {"acteurRef": "PA794778", "mandatRef": "PM797115", "parDelegation": "false"}]}}}}, {"organeRef": "PO800532", "nombreMembresGroupe": "22", "vote": {"positionMajoritaire": "contre", "decompteVoix": {"nonVotants": "0", "pour": "0", "contre": "3", "abstentions": "0", "nonVotantsVolontaires": "0"}, "decompteNominatif": {"nonVotants": null, "pours": null, "contres": {"votant": [{"acteurRef": "PA607619", "mandatRef": "PM796890", "parDelegation": "false"}, {"acteurRef": "PA267766", "mandatRef": "PM796980", "parDelegation": "false"}, {"acteurRef": "PA822617", "mandatRef": "PM822619", "parDelegation": "false"}]}, "abstentions": null}}}, {"organeRef": "PO793087", "nombreMembresGroupe": "6", "vote": {"positionMajoritaire": "pour", "decompteVoix": {"nonVotants": "0", "pour": "0", "contre": "0", "abstentions": "0", "nonVotantsVolontaires": "0"}, "decompteNominatif": {"nonVotants": null, "pours": null, "contres": null, "abstentions": null}}}]}}}, "miseAuPoint": null}}