{"scrutin": {"@xmlns": "http://schemas.assemblee-nationale.fr/referentiel", "@xmlns:xsi": "http://www.w3.org/2001/XMLSchema-instance", "uid": "VTANR5L16V2186", "numero": "2186", "organeRef": "PO791932", "legislature": "16", "sessionRef": "SCR5A2023E1", "seanceRef": "RUANR5L16S2023IDS27445", "dateScrutin": "2023-07-06", "quantiemeJourSeance": "3", "typeVote": {"codeTypeVote": "SPO", "libelleTypeVote": "scrutin public ordinaire", "typeMajorite": "majorit\u00e9 absolue des suffrages exprim\u00e9s"}, "sort": {"code": "rejet\u00e9", "libelle": "L'Assembl\u00e9e nationale n'a pas adopt\u00e9"}, "titre": "l'amendement de suppression n\u00b0 214 de Mme Bordes et les amendements identiques suivants \u00e0 l'article 7 du projet de loi d'orientation et de programmation du minist\u00e8re de la justice 2023-2027 (premi\u00e8re lecture).", "demandeur": {"texte": "Pr\u00e9sidente du groupe \"Renaissance\"\rPr\u00e9sidente du groupe \"Rassemblement National\"", "referenceLegislative": null}, "objet": {"libelle": "l'amendement de suppression n\u00b0 214 de Mme Bordes et les amendements identiques suivants \u00e0 l'article 7 du projet de loi d'orientation et de programmation du minist\u00e8re de la justice 2023-2027 (premi\u00e8re lecture).", "referenceLegislative": null}, "modePublicationDesVotes": "DecompteNominatif", "syntheseVote": {"nombreVotants": "71", "suffragesExprimes": "71", "nbrSuffragesRequis": "36", "annonce": "L'Assembl\u00e9e nationale n'a pas adopt\u00e9", "decompte": {"nonVotants": "1", "pour": "29", "contre": "42", "abstentions": "0", "nonVotantsVolontaires": "0"}}, "ventilationVotes": {"organe": {"organeRef": "PO791932", "groupes": {"groupe": [{"organeRef": "PO800538", "nombreMembresGroupe": "171", "vote": {"positionMajoritaire": "contre", "decompteVoix": {"nonVotants": "0", "pour": "0", "contre": "27", "abstentions": "0", "nonVotantsVolontaires": "0"}, "decompteNominatif": {"nonVotants": null, "pours": null, "contres": {"votant": [{"acteurRef": "PA721722", "mandatRef": "PM797502", "parDelegation": "false"}, {"acteurRef": "PA606507", "mandatRef": "PM796605", "parDelegation": "false"}, {"acteurRef": "PA721852", "mandatRef": "PM797565", "parDelegation": "false"}, {"acteurRef": "PA717379", "mandatRef": "PM797265", "parDelegation": "false"}, {"acteurRef": "PA719108", "mandatRef": "PM796410", "parDelegation": "true"}, {"acteurRef": "PA719202", "mandatRef": "PM796374", "parDelegation": "false"}, {"acteurRef": "PA719550", "mandatRef": "PM796551", "parDelegation": "true"}, {"acteurRef": "PA719866", "mandatRef": "PM796671", "parDelegation": "false"}, {"acteurRef": "PA720154", "mandatRef": "PM796806", "parDelegation": "false"}, {"acteurRef": "PA721094", "mandatRef": "PM797340", "parDelegation": "true"}, {"acteurRef": "PA721458", "mandatRef": "PM797262", "parDelegation": "false"}, {"acteurRef": "PA721584", "mandatRef": "PM797712", "parDelegation": "false"}, {"acteurRef": "PA721710", "mandatRef": "PM797505", "parDelegation": "true"}, {"acteurRef": "PA721916", "mandatRef": "PM797595", "parDelegation": "false"}, {"acteurRef": "PA722102", "mandatRef": "PM797850", "parDelegation": "true"}, {"acteurRef": "PA722150", "mandatRef": "PM797445", "parDelegation": "false"}, {"acteurRef": "PA722292", "mandatRef": "PM797241", "parDelegation": "false"}, {"acteurRef": "PA795920", "mandatRef": "PM797754", "parDelegation": "false"}, {"acteurRef": "PA793588", "mandatRef": "PM796422", "parDelegation": "false"}, {"acteurRef": "PA794510", "mandatRef": "PM796965", "parDelegation": "false"}, {"acteurRef": "PA795176", "mandatRef": "PM797343", "parDelegation": "true"}, {"acteurRef": "PA795508", "mandatRef": "PM797526", "parDelegation": "false"}, {"acteurRef": "PA795528", "mandatRef": "PM797535", "parDelegation": "true"}, {"acteurRef": "PA795908", "mandatRef": "PM797748", "parDelegation": "true"}, {"acteurRef": "PA795926", "mandatRef": "PM797757", "parDelegation": "false"}, {"acteurRef": "PA795950", "mandatRef": "PM797775", "parDelegation": "false"}, {"acteurRef": "PA642695", "mandatRef": "PM796389", "parDelegation": "true"}]}, "abstentions": null}}}, {"organeRef": "PO800520", "nombreMembresGroupe": "88", "vote": {"positionMajoritaire": "pour", "decompteVoix": {"nonVotants": "0", "pour": "16", "contre": "0", "abstentions": "0", "nonVotantsVolontaires": "0"}, "decompteNominatif": {"nonVotants": null, "pours": {"votant": [{"acteurRef": "PA794418", "mandatRef": "PM796914", "parDelegation": "false"}, {"acteurRef": "PA793166", "mandatRef": "PM796185", "parDelegation": "false"}, {"acteurRef": "PA793374", "mandatRef": "PM796290", "parDelegation": "false"}, {"acteurRef": "PA793832", "mandatRef": "PM796557", "parDelegation": "false"}, {"acteurRef": "PA793844", "mandatRef": "PM796563", "parDelegation": "false"}, {"acteurRef": "PA793852", "mandatRef": "PM796566", "parDelegation": "false"}, {"acteurRef": "PA794434", "mandatRef": "PM796920", "parDelegation": "false"}, {"acteurRef": "PA794522", "mandatRef": "PM796971", "parDelegation": "false"}, {"acteurRef": "PA794570", "mandatRef": "PM796998", "parDelegation": "true"}, {"acteurRef": "PA794734", "mandatRef": "PM797091", "parDelegation": "true"}, {"acteurRef": "PA794946", "mandatRef": "PM797205", "parDelegation": "false"}, {"acteurRef": "PA794954", "mandatRef": "PM797208", "parDelegation": "false"}, {"acteurRef": "PA795410", "mandatRef": "PM797472", "parDelegation": "false"}, {"acteurRef": "PA796042", "mandatRef": "PM797820", "parDelegation": "true"}, {"acteurRef": "PA796050", "mandatRef": "PM797823", "parDelegation": "false"}, {"acteurRef": "PA719436", "mandatRef": "PM796560", "parDelegation": "false"}]}, "contres": null, "abstentions": null}}}, {"organeRef": "PO800490", "nombreMembresGroupe": "75", "vote": {"positionMajoritaire": "pour", "decompteVoix": {"nonVotants": "0", "pour": "7", "contre": "0", "abstentions": "0", "nonVotantsVolontaires": "0"}, "decompteNominatif": {"nonVotants": null, "pours": {"votant": [{"acteurRef": "PA720286", "mandatRef": "PM796878", "parDelegation": "true"}, {"acteurRef": "PA793532", "mandatRef": "PM796386", "parDelegation": "false"}, {"acteurRef": "PA342384", "mandatRef": "PM796656", "parDelegation": "false"}, {"acteurRef": "PA794082", "mandatRef": "PM796698", "parDelegation": "false"}, {"acteurRef": "PA794106", "mandatRef": "PM796716", "parDelegation": "false"}, {"acteurRef": "PA795310", "mandatRef": "PM797415", "parDelegation": "false"}, {"acteurRef": "PA795746", "mandatRef": "PM797661", "parDelegation": "false"}]}, "contres": null, "abstentions": null}}}, {"organeRef": "PO800508", "nombreMembresGroupe": "62", "vote": {"positionMajoritaire": "contre", "decompteVoix": {"nonVotants": "0", "pour": "0", "contre": "2", "abstentions": "0", "nonVotantsVolontaires": "0"}, "decompteNominatif": {"nonVotants": null, "pours": null, "contres": {"votant": [{"acteurRef": "PA266797", "mandatRef": "PM796812", "parDelegation": "false"}, {"acteurRef": "PA608416", "mandatRef": "PM797133", "parDelegation": "false"}]}, "abstentions": null}}}, {"organeRef": "PO800484", "nombreMembresGroupe": "51", "vote": {"positionMajoritaire": "contre", "decompteVoix": {"nonVotants": "1", "pour": "0", "contre": "8", "abstentions": "0", "nonVotantsVolontaires": "0"}, "decompteNominatif": {"nonVotants": {"votant": {"acteurRef": "PA719874", "mandatRef": "PM796674", "causePositionVote": "PSE"}}, "pours": null, "contres": {"votant": [{"acteurRef": "PA794114", "mandatRef": "PM796719", "parDelegation": "false"}, {"acteurRef": "PA720772", "mandatRef": "PM797169", "parDelegation": "true"}, {"acteurRef": "PA721182", "mandatRef": "PM797736", "parDelegation": "false"}, {"acteurRef": "PA721336", "mandatRef": "PM797184", "parDelegation": "false"}, {"acteurRef": "PA721984", "mandatRef": "PM797367", "parDelegation": "false"}, {"acteurRef": "PA793560", "mandatRef": "PM796404", "parDelegation": "false"}, {"acteurRef": "PA795258", "mandatRef": "PM797385", "parDelegation": "false"}, {"acteurRef": "PA805166", "mandatRef": "PM805854", "parDelegation": "false"}]}, "abstentions": null}}}, {"organeRef": "PO800496", "nombreMembresGroupe": "31", "vote": {"positionMajoritaire": "pour", "decompteVoix": {"nonVotants": "0", "pour": "1", "contre": "0", "abstentions": "0", "nonVotantsVolontaires": "0"}, "decompteNominatif": {"nonVotants": null, "pours": {"votant": {"acteurRef": "PA608695", "mandatRef": "PM797220", "parDelegation": "false"}}, "contres": null, "abstentions": null}}}, {"organeRef": "PO800514", "nombreMembresGroupe": "29", "vote": {"positionMajoritaire": "contre", "decompteVoix": {"nonVotants": "0", "pour": "0", "contre": "5", "abstentions": "0", "nonVotantsVolontaires": "0"}, "decompteNominatif": {"nonVotants": null, "pours": null, "contres": {"votant": [{"acteurRef": "PA642868", "mandatRef": "PM796968", "parDelegation": "false"}, {"acteurRef": "PA720908", "mandatRef": "PM797556", "parDelegation": "false"}, {"acteurRef": "PA722336", "mandatRef": "PM797139", "parDelegation": "false"}, {"acteurRef": "PA793306", "mandatRef": "PM796254", "parDelegation": "false"}, {"acteurRef": "PA794426", "mandatRef": "PM796917", "parDelegation": "true"}]}, "abstentions": null}}}, {"organeRef": "PO800526", "nombreMembresGroupe": "23", "vote": {"positionMajoritaire": "pour", "decompteVoix": {"nonVotants": "0", "pour": "3", "contre": "0", "abstentions": "0", "nonVotantsVolontaires": "0"}, "decompteNominatif": {"nonVotants": null, "pours": {"votant": [{"acteurRef": "PA794022", "mandatRef": "PM796662", "parDelegation": "false"}, {"acteurRef": "PA794778", "mandatRef": "PM797115", "parDelegation": "false"}, {"acteurRef": "PA795636", "mandatRef": "PM797601", "parDelegation": "false"}]}, "contres": null, "abstentions": null}}}, {"organeRef": "PO800502", "nombreMembresGroupe": "22", "vote": {"positionMajoritaire": "pour", "decompteVoix": {"nonVotants": "0", "pour": "2", "contre": "0", "abstentions": "0", "nonVotantsVolontaires": "0"}, "decompteNominatif": {"nonVotants": null, "pours": {"votant": [{"acteurRef": "PA795998", "mandatRef": "PM797796", "parDelegation": "false"}, {"acteurRef": "PA795240", "mandatRef": "PM824815", "parDelegation": "true"}]}, "contres": null, "abstentions": null}}}, {"organeRef": "PO800532", "nombreMembresGroupe": "21", "vote": {"positionMajoritaire": "pour", "decompteVoix": {"nonVotants": "0", "pour": "0", "contre": "0", "abstentions": "0", "nonVotantsVolontaires": "0"}, "decompteNominatif": {"nonVotants": null, "pours": null, "contres": null, "abstentions": null}}}, {"organeRef": "PO793087", "nombreMembresGroupe": "4", "vote": {"positionMajoritaire": "pour", "decompteVoix": {"nonVotants": "0", "pour": "0", "contre": "0", "abstentions": "0", "nonVotantsVolontaires": "0"}, "decompteNominatif": {"nonVotants": null, "pours": null, "contres": null, "abstentions": null}}}]}}}, "miseAuPoint": null}}