{"scrutin": {"@xmlns": "http://schemas.assemblee-nationale.fr/referentiel", "@xmlns:xsi": "http://www.w3.org/2001/XMLSchema-instance", "uid": "VTANR5L16V3369", "numero": "3369", "organeRef": "PO791932", "legislature": "16", "sessionRef": "SCR5A2024O1", "seanceRef": "RUANR5L16S2024IDS28080", "dateScrutin": "2024-02-14", "quantiemeJourSeance": "1", "typeVote": {"codeTypeVote": "SPO", "libelleTypeVote": "scrutin public ordinaire", "typeMajorite": "majorit\u00e9 absolue des suffrages exprim\u00e9s"}, "sort": {"code": "rejet\u00e9", "libelle": "L'Assembl\u00e9e nationale n'a pas adopt\u00e9"}, "titre": "l'amendement n\u00b0 2 de M. L\u00e9aument \u00e0 l'article unique de la proposition de loi visant \u00e0 faciliter la mise \u00e0 disposition aux r\u00e9gions du r\u00e9seau routier national non conc\u00e9d\u00e9 (premi\u00e8re lecture).", "demandeur": {"texte": "Pr\u00e9sidente du groupe \"La France insoumise - Nouvelle Union Populaire \u00e9cologique et sociale\"", "referenceLegislative": null}, "objet": {"libelle": "l'amendement n\u00b0 2 de M. L\u00e9aument \u00e0 l'article unique de la proposition de loi visant \u00e0 faciliter la mise \u00e0 disposition aux r\u00e9gions du r\u00e9seau routier national non conc\u00e9d\u00e9 (premi\u00e8re lecture).", "referenceLegislative": null}, "modePublicationDesVotes": "DecompteNominatif", "syntheseVote": {"nombreVotants": "88", "suffragesExprimes": "87", "nbrSuffragesRequis": "44", "annonce": "L'Assembl\u00e9e nationale n'a pas adopt\u00e9", "decompte": {"nonVotants": "1", "pour": "36", "contre": "51", "abstentions": "1", "nonVotantsVolontaires": "0"}}, "ventilationVotes": {"organe": {"organeRef": "PO791932", "groupes": {"groupe": [{"organeRef": "PO800538", "nombreMembresGroupe": "171", "vote": {"positionMajoritaire": "contre", "decompteVoix": {"nonVotants": "0", "pour": "1", "contre": "40", "abstentions": "0", "nonVotantsVolontaires": "0"}, "decompteNominatif": {"nonVotants": null, "pours": {"votant": {"acteurRef": "PA793270", "mandatRef": "PM796239", "parDelegation": "false"}}, "contres": {"votant": [{"acteurRef": "PA722398", "mandatRef": "PM797217", "parDelegation": "false"}, {"acteurRef": "PA340643", "mandatRef": "PM796335", "parDelegation": "true"}, {"acteurRef": "PA2449", "mandatRef": "PM797046", "parDelegation": "false"}, {"acteurRef": "PA718710", "mandatRef": "PM796149", "parDelegation": "false"}, {"acteurRef": "PA719108", "mandatRef": "PM796410", "parDelegation": "true"}, {"acteurRef": "PA719404", "mandatRef": "PM796539", "parDelegation": "false"}, {"acteurRef": "PA719814", "mandatRef": "PM796644", "parDelegation": "false"}, {"acteurRef": "PA719890", "mandatRef": "PM796680", "parDelegation": "false"}, {"acteurRef": "PA643175", "mandatRef": "PM796794", "parDelegation": "false"}, {"acteurRef": "PA720146", "mandatRef": "PM796803", "parDelegation": "false"}, {"acteurRef": "PA720900", "mandatRef": "PM797553", "parDelegation": "false"}, {"acteurRef": "PA721024", "mandatRef": "PM797592", "parDelegation": "false"}, {"acteurRef": "PA721426", "mandatRef": "PM797322", "parDelegation": "false"}, {"acteurRef": "PA721710", "mandatRef": "PM797505", "parDelegation": "false"}, {"acteurRef": "PA721750", "mandatRef": "PM797715", "parDelegation": "false"}, {"acteurRef": "PA721844", "mandatRef": "PM797562", "parDelegation": "false"}, {"acteurRef": "PA721916", "mandatRef": "PM797595", "parDelegation": "false"}, {"acteurRef": "PA722038", "mandatRef": "PM797847", "parDelegation": "false"}, {"acteurRef": "PA722054", "mandatRef": "PM797598", "parDelegation": "false"}, {"acteurRef": "PA722102", "mandatRef": "PM797850", "parDelegation": "false"}, {"acteurRef": "PA722134", "mandatRef": "PM797658", "parDelegation": "true"}, {"acteurRef": "PA722366", "mandatRef": "PM797193", "parDelegation": "false"}, {"acteurRef": "PA794930", "mandatRef": "PM797199", "parDelegation": "false"}, {"acteurRef": "PA794206", "mandatRef": "PM796779", "parDelegation": "false"}, {"acteurRef": "PA794330", "mandatRef": "PM796854", "parDelegation": "false"}, {"acteurRef": "PA794510", "mandatRef": "PM796965", "parDelegation": "false"}, {"acteurRef": "PA794878", "mandatRef": "PM797175", "parDelegation": "false"}, {"acteurRef": "PA774109", "mandatRef": "PM834849", "parDelegation": "false"}, {"acteurRef": "PA795730", "mandatRef": "PM797652", "parDelegation": "false"}, {"acteurRef": "PA795864", "mandatRef": "PM797721", "parDelegation": "false"}, {"acteurRef": "PA795908", "mandatRef": "PM797748", "parDelegation": "false"}, {"acteurRef": "PA795926", "mandatRef": "PM797757", "parDelegation": "false"}, {"acteurRef": "PA721632", "mandatRef": "PM802647", "parDelegation": "false"}, {"acteurRef": "PA721828", "mandatRef": "PM802651", "parDelegation": "false"}, {"acteurRef": "PA793528", "mandatRef": "PM803284", "parDelegation": "false"}, {"acteurRef": "PA719190", "mandatRef": "PM826700", "parDelegation": "false"}, {"acteurRef": "PA643048", "mandatRef": "PM826708", "parDelegation": "false"}, {"acteurRef": "PA793282", "mandatRef": "PM826698", "parDelegation": "false"}, {"acteurRef": "PA795774", "mandatRef": "PM827436", "parDelegation": "false"}, {"acteurRef": "PA795572", "mandatRef": "PM834867", "parDelegation": "false"}]}, "abstentions": null}}}, {"organeRef": "PO800520", "nombreMembresGroupe": "88", "vote": {"positionMajoritaire": "pour", "decompteVoix": {"nonVotants": "0", "pour": "11", "contre": "0", "abstentions": "0", "nonVotantsVolontaires": "0"}, "decompteNominatif": {"nonVotants": null, "pours": {"votant": [{"acteurRef": "PA793382", "mandatRef": "PM796293", "parDelegation": "false"}, {"acteurRef": "PA793432", "mandatRef": "PM796323", "parDelegation": "false"}, {"acteurRef": "PA793616", "mandatRef": "PM796437", "parDelegation": "false"}, {"acteurRef": "PA793672", "mandatRef": "PM796473", "parDelegation": "false"}, {"acteurRef": "PA793852", "mandatRef": "PM796566", "parDelegation": "false"}, {"acteurRef": "PA794314", "mandatRef": "PM796848", "parDelegation": "false"}, {"acteurRef": "PA794434", "mandatRef": "PM796920", "parDelegation": "false"}, {"acteurRef": "PA794522", "mandatRef": "PM796971", "parDelegation": "false"}, {"acteurRef": "PA794530", "mandatRef": "PM796974", "parDelegation": "false"}, {"acteurRef": "PA794598", "mandatRef": "PM797010", "parDelegation": "false"}, {"acteurRef": "PA795410", "mandatRef": "PM797472", "parDelegation": "false"}]}, "contres": null, "abstentions": null}}}, {"organeRef": "PO800490", "nombreMembresGroupe": "75", "vote": {"positionMajoritaire": "pour", "decompteVoix": {"nonVotants": "0", "pour": "23", "contre": "0", "abstentions": "0", "nonVotantsVolontaires": "0"}, "decompteNominatif": {"nonVotants": null, "pours": {"votant": [{"acteurRef": "PA720286", "mandatRef": "PM796878", "parDelegation": "false"}, {"acteurRef": "PA791824", "mandatRef": "PM797808", "parDelegation": "false"}, {"acteurRef": "PA793110", "mandatRef": "PM796146", "parDelegation": "false"}, {"acteurRef": "PA793444", "mandatRef": "PM796329", "parDelegation": "false"}, {"acteurRef": "PA793532", "mandatRef": "PM796386", "parDelegation": "false"}, {"acteurRef": "PA793680", "mandatRef": "PM796476", "parDelegation": "false"}, {"acteurRef": "PA793688", "mandatRef": "PM796479", "parDelegation": "true"}, {"acteurRef": "PA793736", "mandatRef": "PM796503", "parDelegation": "false"}, {"acteurRef": "PA793772", "mandatRef": "PM796521", "parDelegation": "false"}, {"acteurRef": "PA793912", "mandatRef": "PM796599", "parDelegation": "false"}, {"acteurRef": "PA794082", "mandatRef": "PM796698", "parDelegation": "false"}, {"acteurRef": "PA794130", "mandatRef": "PM796731", "parDelegation": "false"}, {"acteurRef": "PA794138", "mandatRef": "PM796734", "parDelegation": "true"}, {"acteurRef": "PA795108", "mandatRef": "PM797304", "parDelegation": "true"}, {"acteurRef": "PA795228", "mandatRef": "PM797370", "parDelegation": "false"}, {"acteurRef": "PA795310", "mandatRef": "PM797415", "parDelegation": "false"}, {"acteurRef": "PA795318", "mandatRef": "PM797418", "parDelegation": "false"}, {"acteurRef": "PA795482", "mandatRef": "PM797508", "parDelegation": "false"}, {"acteurRef": "PA795516", "mandatRef": "PM797529", "parDelegation": "false"}, {"acteurRef": "PA795580", "mandatRef": "PM797574", "parDelegation": "false"}, {"acteurRef": "PA795746", "mandatRef": "PM797661", "parDelegation": "false"}, {"acteurRef": "PA796018", "mandatRef": "PM797805", "parDelegation": "false"}, {"acteurRef": "PA796062", "mandatRef": "PM797832", "parDelegation": "false"}]}, "contres": null, "abstentions": null}}}, {"organeRef": "PO800508", "nombreMembresGroupe": "62", "vote": {"positionMajoritaire": "contre", "decompteVoix": {"nonVotants": "0", "pour": "0", "contre": "3", "abstentions": "0", "nonVotantsVolontaires": "0"}, "decompteNominatif": {"nonVotants": null, "pours": null, "contres": {"votant": [{"acteurRef": "PA608016", "mandatRef": "PM797100", "parDelegation": "false"}, {"acteurRef": "PA642847", "mandatRef": "PM796872", "parDelegation": "false"}, {"acteurRef": "PA346054", "mandatRef": "PM797679", "parDelegation": "false"}]}, "abstentions": null}}}, {"organeRef": "PO800484", "nombreMembresGroupe": "50", "vote": {"positionMajoritaire": "contre", "decompteVoix": {"nonVotants": "0", "pour": "0", "contre": "4", "abstentions": "0", "nonVotantsVolontaires": "0"}, "decompteNominatif": {"nonVotants": null, "pours": null, "contres": {"votant": [{"acteurRef": "PA794114", "mandatRef": "PM796719", "parDelegation": "false"}, {"acteurRef": "PA795604", "mandatRef": "PM797583", "parDelegation": "false"}, {"acteurRef": "PA720560", "mandatRef": "PM797016", "parDelegation": "true"}, {"acteurRef": "PA795100", "mandatRef": "PM797301", "parDelegation": "false"}]}, "abstentions": null}}}, {"organeRef": "PO800496", "nombreMembresGroupe": "31", "vote": {"positionMajoritaire": "contre", "decompteVoix": {"nonVotants": "0", "pour": "0", "contre": "3", "abstentions": "0", "nonVotantsVolontaires": "0"}, "decompteNominatif": {"nonVotants": null, "pours": null, "contres": {"votant": [{"acteurRef": "PA794270", "mandatRef": "PM796821", "parDelegation": "false"}, {"acteurRef": "PA795430", "mandatRef": "PM797481", "parDelegation": "false"}, {"acteurRef": "PA643192", "mandatRef": "PM797097", "parDelegation": "false"}]}, "abstentions": null}}}, {"organeRef": "PO800514", "nombreMembresGroupe": "28", "vote": {"positionMajoritaire": "contre", "decompteVoix": {"nonVotants": "1", "pour": "0", "contre": "1", "abstentions": "0", "nonVotantsVolontaires": "0"}, "decompteNominatif": {"nonVotants": {"votant": {"acteurRef": "PA720908", "mandatRef": "PM797556", "causePositionVote": "PSE"}}, "pours": null, "contres": {"votant": {"acteurRef": "PA794838", "mandatRef": "PM797148", "parDelegation": "false"}}, "abstentions": null}}}, {"organeRef": "PO800526", "nombreMembresGroupe": "23", "vote": {"positionMajoritaire": "abstention", "decompteVoix": {"nonVotants": "0", "pour": "0", "contre": "0", "abstentions": "1", "nonVotantsVolontaires": "1"}, "decompteNominatif": {"nonVotants": null, "pours": null, "contres": null, "abstentions": {"votant": {"acteurRef": "PA794146", "mandatRef": "PM796737", "parDelegation": "false"}}}}}, {"organeRef": "PO800502", "nombreMembresGroupe": "22", "vote": {"positionMajoritaire": "pour", "decompteVoix": {"nonVotants": "0", "pour": "1", "contre": "0", "abstentions": "0", "nonVotantsVolontaires": "0"}, "decompteNominatif": {"nonVotants": null, "pours": {"votant": {"acteurRef": "PA796106", "mandatRef": "PM833657", "parDelegation": "false"}}, "contres": null, "abstentions": null}}}, {"organeRef": "PO800532", "nombreMembresGroupe": "22", "vote": {"positionMajoritaire": "pour", "decompteVoix": {"nonVotants": "0", "pour": "0", "contre": "0", "abstentions": "0", "nonVotantsVolontaires": "0"}, "decompteNominatif": {"nonVotants": null, "pours": null, "contres": null, "abstentions": null}}}, {"organeRef": "PO793087", "nombreMembresGroupe": "5", "vote": {"positionMajoritaire": "pour", "decompteVoix": {"nonVotants": "0", "pour": "0", "contre": "0", "abstentions": "0", "nonVotantsVolontaires": "0"}, "decompteNominatif": {"nonVotants": null, "pours": null, "contres": null, "abstentions": null}}}]}}}, "miseAuPoint": {"nonVotants": [null, null], "pours": null, "abstentions": [null, null], "nonVotantsVolontaires": [null, null], "contres": {"votant": {"acteurRef": "PA793270", "mandatRef": "PM796239"}}, "dysfonctionnement": {"nonVotants": null, "pour": null, "contre": null, "abstentions": null, "nonVotantsVolontaires": null}}}}