{"scrutin": {"@xmlns": "http://schemas.assemblee-nationale.fr/referentiel", "@xmlns:xsi": "http://www.w3.org/2001/XMLSchema-instance", "uid": "VTCGR5L16V1", "numero": "1", "organeRef": "PO791932", "legislature": "16", "sessionRef": "SCR5A2024O1", "seanceRef": "RUCGR5L16S2024IDS28178", "dateScrutin": "2024-03-04", "quantiemeJourSeance": "1", "typeVote": {"codeTypeVote": "SSG", "libelleTypeVote": "Scrutin solennel congr\u00e8s", "typeMajorite": "Majorit\u00e9 requise pour un Congr\u00e8s"}, "sort": {"code": "adopt\u00e9", "libelle": "Le Congr\u00e8s du Parlement a adopt\u00e9"}, "titre": "le projet de loi constitutionnelle relatif \u00e0 la libert\u00e9 de recourir \u00e0 l'interruption volontaire de grossesse.", "demandeur": {"texte": "Pr\u00e9sident de la R\u00e9publique", "referenceLegislative": null}, "objet": {"libelle": "le projet de loi constitutionnelle relatif \u00e0 la libert\u00e9 de recourir \u00e0 l'interruption volontaire de grossesse.", "dossierLegislatif": null, "referenceLegislative": null}, "modePublicationDesVotes": "DecompteNominatif", "syntheseVote": {"nombreVotants": "902", "suffragesExprimes": "852", "nbrSuffragesRequis": "512", "annonce": "Le Congr\u00e8s du Parlement a adopt\u00e9", "decompte": {"nonVotants": "0", "pour": "780", "contre": "72", "abstentions": "50", "nonVotantsVolontaires": "0"}}, "ventilationVotes": {"organe": {"organeRef": "PO791932", "groupes": {"groupe": [{"organeRef": "PO800538", "nombreMembresGroupe": "167", "vote": {"positionMajoritaire": "pour", "decompteVoix": {"nonVotants": "0", "pour": "166", "contre": "0", "abstentions": "1", "nonVotantsVolontaires": "1"}, "decompteNominatif": {"nonVotant": null, "pour": {"votant": [{"acteurRef": "PA719118", "mandatRef": "PM796416", "parDelegation": "false"}, {"acteurRef": "PA719624", "mandatRef": "PM834838", "parDelegation": "false"}, {"acteurRef": "PA793876", "mandatRef": "PM796584", "parDelegation": "false"}, {"acteurRef": "PA720932", "mandatRef": "PM797586", "parDelegation": "false"}, {"acteurRef": "PA794510", "mandatRef": "PM796965", "parDelegation": "false"}, {"acteurRef": "PA794982", "mandatRef": "PM797226", "parDelegation": "false"}, {"acteurRef": "PA720862", "mandatRef": "PM797412", "parDelegation": "false"}, {"acteurRef": "PA722382", "mandatRef": "PM797211", "parDelegation": "false"}, {"acteurRef": "PA720154", "mandatRef": "PM796806", "parDelegation": "false"}, {"acteurRef": "PA721094", "mandatRef": "PM797340", "parDelegation": "false"}, {"acteurRef": "PA643175", "mandatRef": "PM796794", "parDelegation": "false"}, {"acteurRef": "PA330357", "mandatRef": "PM834855", "parDelegation": "false"}, {"acteurRef": "PA607193", "mandatRef": "PM796839", "parDelegation": "false"}, {"acteurRef": "PA794658", "mandatRef": "PM797043", "parDelegation": "false"}, {"acteurRef": "PA795884", "mandatRef": "PM797733", "parDelegation": "false"}, {"acteurRef": "PA722134", "mandatRef": "PM797658", "parDelegation": "false"}, {"acteurRef": "PA722366", "mandatRef": "PM797193", "parDelegation": "false"}, {"acteurRef": "PA722358", "mandatRef": "PM797235", "parDelegation": "false"}, {"acteurRef": "PA721024", "mandatRef": "PM797592", "parDelegation": "false"}, {"acteurRef": "PA719108", "mandatRef": "PM796410", "parDelegation": "false"}, {"acteurRef": "PA721722", "mandatRef": "PM797502", "parDelegation": "false"}, {"acteurRef": "PA720222", "mandatRef": "PM796830", "parDelegation": "false"}, {"acteurRef": "PA267336", "mandatRef": "PM796152", "parDelegation": "false"}, {"acteurRef": "PA718674", "mandatRef": "PM796164", "parDelegation": "false"}, {"acteurRef": "PA721296", "mandatRef": "PM797457", "parDelegation": "false"}, {"acteurRef": "PA720170", "mandatRef": "PM834861", "parDelegation": "false"}, {"acteurRef": "PA267318", "mandatRef": "PM797307", "parDelegation": "false"}, {"acteurRef": "PA795958", "mandatRef": "PM797778", "parDelegation": "false"}, {"acteurRef": "PA722054", "mandatRef": "PM797598", "parDelegation": "false"}, {"acteurRef": "PA720054", "mandatRef": "PM796752", "parDelegation": "false"}, {"acteurRef": "PA721150", "mandatRef": "PM797427", "parDelegation": "false"}, {"acteurRef": "PA722150", "mandatRef": "PM797445", "parDelegation": "false"}, {"acteurRef": "PA331835", "mandatRef": "PM796518", "parDelegation": "false"}, {"acteurRef": "PA795652", "mandatRef": "PM797607", "parDelegation": "false"}, {"acteurRef": "PA720354", "mandatRef": "PM796896", "parDelegation": "false"}, {"acteurRef": "PA720074", "mandatRef": "PM796845", "parDelegation": "false"}, {"acteurRef": "PA643184", "mandatRef": "PM797142", "parDelegation": "false"}, {"acteurRef": "PA719798", "mandatRef": "PM796638", "parDelegation": "false"}, {"acteurRef": "PA794450", "mandatRef": "PM796938", "parDelegation": "false"}, {"acteurRef": "PA721004", "mandatRef": "PM797496", "parDelegation": "false"}, {"acteurRef": "PA720022", "mandatRef": "PM796866", "parDelegation": "false"}, {"acteurRef": "PA719664", "mandatRef": "PM796611", "parDelegation": "false"}, {"acteurRef": "PA719412", "mandatRef": "PM796542", "parDelegation": "false"}, {"acteurRef": "PA719404", "mandatRef": "PM796539", "parDelegation": "false"}, {"acteurRef": "PA721466", "mandatRef": "PM797268", "parDelegation": "false"}, {"acteurRef": "PA345722", "mandatRef": "PM797718", "parDelegation": "false"}, {"acteurRef": "PA719388", "mandatRef": "PM796458", "parDelegation": "false"}, {"acteurRef": "PA719756", "mandatRef": "PM796701", "parDelegation": "false"}, {"acteurRef": "PA720342", "mandatRef": "PM796887", "parDelegation": "false"}, {"acteurRef": "PA719006", "mandatRef": "PM796296", "parDelegation": "false"}, {"acteurRef": "PA795386", "mandatRef": "PM797454", "parDelegation": "false"}, {"acteurRef": "PA720446", "mandatRef": "PM797031", "parDelegation": "false"}, {"acteurRef": "PA795216", "mandatRef": "PM797364", "parDelegation": "false"}, {"acteurRef": "PA717379", "mandatRef": "PM797265", "parDelegation": "false"}, {"acteurRef": "PA719718", "mandatRef": "PM796692", "parDelegation": "false"}, {"acteurRef": "PA334116", "mandatRef": "PM797037", "parDelegation": "false"}, {"acteurRef": "PA795730", "mandatRef": "PM797652", "parDelegation": "false"}, {"acteurRef": "PA794974", "mandatRef": "PM797223", "parDelegation": "false"}, {"acteurRef": "PA794206", "mandatRef": "PM796779", "parDelegation": "false"}, {"acteurRef": "PA719080", "mandatRef": "PM796395", "parDelegation": "false"}, {"acteurRef": "PA719154", "mandatRef": "PM796362", "parDelegation": "false"}, {"acteurRef": "PA817203", "mandatRef": "PM817368", "parDelegation": "false"}, {"acteurRef": "PA795688", "mandatRef": "PM826706", "parDelegation": "false"}, {"acteurRef": "PA720146", "mandatRef": "PM796803", "parDelegation": "false"}, {"acteurRef": "PA677483", "mandatRef": "PM796233", "parDelegation": "false"}, {"acteurRef": "PA719338", "mandatRef": "PM796545", "parDelegation": "false"}, {"acteurRef": "PA720370", "mandatRef": "PM796902", "parDelegation": "false"}, {"acteurRef": "PA794386", "mandatRef": "PM796893", "parDelegation": "false"}, {"acteurRef": "PA795176", "mandatRef": "PM797343", "parDelegation": "false"}, {"acteurRef": "PA719882", "mandatRef": "PM796677", "parDelegation": "false"}, {"acteurRef": "PA795664", "mandatRef": "PM797613", "parDelegation": "false"}, {"acteurRef": "PA794878", "mandatRef": "PM797175", "parDelegation": "false"}, {"acteurRef": "PA795722", "mandatRef": "PM797649", "parDelegation": "false"}, {"acteurRef": "PA793588", "mandatRef": "PM796422", "parDelegation": "false"}, {"acteurRef": "PA719632", "mandatRef": "PM796572", "parDelegation": "false"}, {"acteurRef": "PA795050", "mandatRef": "PM797274", "parDelegation": "false"}, {"acteurRef": "PA719202", "mandatRef": "PM796374", "parDelegation": "false"}, {"acteurRef": "PA720480", "mandatRef": "PM796944", "parDelegation": "false"}, {"acteurRef": "PA795926", "mandatRef": "PM797757", "parDelegation": "false"}, {"acteurRef": "PA720414", "mandatRef": "PM797019", "parDelegation": "false"}, {"acteurRef": "PA718930", "mandatRef": "PM796287", "parDelegation": "false"}, {"acteurRef": "PA721710", "mandatRef": "PM797505", "parDelegation": "false"}, {"acteurRef": "PA721844", "mandatRef": "PM797562", "parDelegation": "false"}, {"acteurRef": "PA718910", "mandatRef": "PM796245", "parDelegation": "false"}, {"acteurRef": "PA2449", "mandatRef": "PM797046", "parDelegation": "false"}, {"acteurRef": "PA719600", "mandatRef": "PM796629", "parDelegation": "false"}, {"acteurRef": "PA721916", "mandatRef": "PM797595", "parDelegation": "false"}, {"acteurRef": "PA722398", "mandatRef": "PM797217", "parDelegation": "false"}, {"acteurRef": "PA721678", "mandatRef": "PM797634", "parDelegation": "false"}, {"acteurRef": "PA720900", "mandatRef": "PM797553", "parDelegation": "false"}, {"acteurRef": "PA721426", "mandatRef": "PM797322", "parDelegation": "false"}, {"acteurRef": "PA720066", "mandatRef": "PM796842", "parDelegation": "false"}, {"acteurRef": "PA722252", "mandatRef": "PM797610", "parDelegation": "false"}, {"acteurRef": "PA795528", "mandatRef": "PM797535", "parDelegation": "false"}, {"acteurRef": "PA721458", "mandatRef": "PM797262", "parDelegation": "false"}, {"acteurRef": "PA793270", "mandatRef": "PM796239", "parDelegation": "false"}, {"acteurRef": "PA340643", "mandatRef": "PM796335", "parDelegation": "false"}, {"acteurRef": "PA722292", "mandatRef": "PM797241", "parDelegation": "false"}, {"acteurRef": "PA720138", "mandatRef": "PM796800", "parDelegation": "false"}, {"acteurRef": "PA757225", "mandatRef": "PM797382", "parDelegation": "false"}, {"acteurRef": "PA794802", "mandatRef": "PM797127", "parDelegation": "false"}, {"acteurRef": "PA720190", "mandatRef": "PM796815", "parDelegation": "false"}, {"acteurRef": "PA794486", "mandatRef": "PM796953", "parDelegation": "false"}, {"acteurRef": "PA720754", "mandatRef": "PM797121", "parDelegation": "false"}, {"acteurRef": "PA719550", "mandatRef": "PM796551", "parDelegation": "false"}, {"acteurRef": "PA794930", "mandatRef": "PM797199", "parDelegation": "false"}, {"acteurRef": "PA721584", "mandatRef": "PM797712", "parDelegation": "false"}, {"acteurRef": "PA720014", "mandatRef": "PM796863", "parDelegation": "false"}, {"acteurRef": "PA607395", "mandatRef": "PM796818", "parDelegation": "false"}, {"acteurRef": "PA721482", "mandatRef": "PM797514", "parDelegation": "false"}, {"acteurRef": "PA642788", "mandatRef": "PM834840", "parDelegation": "false"}, {"acteurRef": "PA606639", "mandatRef": "PM796602", "parDelegation": "false"}, {"acteurRef": "PA719512", "mandatRef": "PM796509", "parDelegation": "false"}, {"acteurRef": "PA721170", "mandatRef": "PM797463", "parDelegation": "false"}, {"acteurRef": "PA793194", "mandatRef": "PM796200", "parDelegation": "false"}, {"acteurRef": "PA721262", "mandatRef": "PM797550", "parDelegation": "false"}, {"acteurRef": "PA2960", "mandatRef": "PM797001", "parDelegation": "false"}, {"acteurRef": "PA718962", "mandatRef": "PM796278", "parDelegation": "false"}, {"acteurRef": "PA712014", "mandatRef": "PM802637", "parDelegation": "false"}, {"acteurRef": "PA795046", "mandatRef": "PM802641", "parDelegation": "false"}, {"acteurRef": "PA795934", "mandatRef": "PM802645", "parDelegation": "false"}, {"acteurRef": "PA721632", "mandatRef": "PM802647", "parDelegation": "false"}, {"acteurRef": "PA721828", "mandatRef": "PM802651", "parDelegation": "false"}, {"acteurRef": "PA795326", "mandatRef": "PM803272", "parDelegation": "false"}, {"acteurRef": "PA793528", "mandatRef": "PM803284", "parDelegation": "false"}, {"acteurRef": "PA719672", "mandatRef": "PM803288", "parDelegation": "false"}, {"acteurRef": "PA605036", "mandatRef": "PM796170", "parDelegation": "false"}, {"acteurRef": "PA719866", "mandatRef": "PM796671", "parDelegation": "false"}, {"acteurRef": "PA722038", "mandatRef": "PM797847", "parDelegation": "false"}, {"acteurRef": "PA605963", "mandatRef": "PM796494", "parDelegation": "false"}, {"acteurRef": "PA795950", "mandatRef": "PM797775", "parDelegation": "false"}, {"acteurRef": "PA721158", "mandatRef": "PM797460", "parDelegation": "false"}, {"acteurRef": "PA719100", "mandatRef": "PM796407", "parDelegation": "false"}, {"acteurRef": "PA795144", "mandatRef": "PM797325", "parDelegation": "false"}, {"acteurRef": "PA794214", "mandatRef": "PM796782", "parDelegation": "false"}, {"acteurRef": "PA774109", "mandatRef": "PM834849", "parDelegation": "false"}, {"acteurRef": "PA642935", "mandatRef": "PM834852", "parDelegation": "false"}, {"acteurRef": "PA720362", "mandatRef": "PM796899", "parDelegation": "false"}, {"acteurRef": "PA719910", "mandatRef": "PM796728", "parDelegation": "false"}, {"acteurRef": "PA793500", "mandatRef": "PM796365", "parDelegation": "false"}, {"acteurRef": "PA717161", "mandatRef": "PM834836", "parDelegation": "false"}, {"acteurRef": "PA642695", "mandatRef": "PM796389", "parDelegation": "false"}, {"acteurRef": "PA606507", "mandatRef": "PM796605", "parDelegation": "false"}, {"acteurRef": "PA718710", "mandatRef": "PM796149", "parDelegation": "false"}, {"acteurRef": "PA721908", "mandatRef": "PM797568", "parDelegation": "false"}, {"acteurRef": "PA795990", "mandatRef": "PM797793", "parDelegation": "false"}, {"acteurRef": "PA794330", "mandatRef": "PM796854", "parDelegation": "false"}, {"acteurRef": "PA721328", "mandatRef": "PM797250", "parDelegation": "false"}, {"acteurRef": "PA719890", "mandatRef": "PM796680", "parDelegation": "false"}, {"acteurRef": "PA722000", "mandatRef": "PM797400", "parDelegation": "false"}, {"acteurRef": "PA794798", "mandatRef": "PM797124", "parDelegation": "false"}, {"acteurRef": "PA721750", "mandatRef": "PM797715", "parDelegation": "false"}, {"acteurRef": "PA795330", "mandatRef": "PM823122", "parDelegation": "false"}, {"acteurRef": "PA719922", "mandatRef": "PM796767", "parDelegation": "false"}, {"acteurRef": "PA719472", "mandatRef": "PM796533", "parDelegation": "false"}, {"acteurRef": "PA795864", "mandatRef": "PM797721", "parDelegation": "false"}, {"acteurRef": "PA795508", "mandatRef": "PM797526", "parDelegation": "false"}, {"acteurRef": "PA795908", "mandatRef": "PM797748", "parDelegation": "false"}, {"acteurRef": "PA719294", "mandatRef": "PM796431", "parDelegation": "false"}, {"acteurRef": "PA719814", "mandatRef": "PM796644", "parDelegation": "false"}, {"acteurRef": "PA795774", "mandatRef": "PM827436", "parDelegation": "false"}, {"acteurRef": "PA795572", "mandatRef": "PM834867", "parDelegation": "false"}, {"acteurRef": "PA793944", "mandatRef": "PM826704", "parDelegation": "false"}, {"acteurRef": "PA719190", "mandatRef": "PM826700", "parDelegation": "false"}, {"acteurRef": "PA643048", "mandatRef": "PM826708", "parDelegation": "false"}, {"acteurRef": "PA793282", "mandatRef": "PM826698", "parDelegation": "false"}]}, "contre": null, "abstention": {"votant": {"acteurRef": "PA722102", "mandatRef": "PM797850", "parDelegation": "false"}}}}}, {"organeRef": "PO800520", "nombreMembresGroupe": "88", "vote": {"positionMajoritaire": "pour", "decompteVoix": {"nonVotants": "0", "pour": "46", "contre": "11", "abstentions": "20", "nonVotantsVolontaires": "20"}, "decompteNominatif": {"nonVotant": null, "pour": {"votant": [{"acteurRef": "PA794222", "mandatRef": "PM796785", "parDelegation": "false"}, {"acteurRef": "PA793928", "mandatRef": "PM796608", "parDelegation": "false"}, {"acteurRef": "PA793146", "mandatRef": "PM796173", "parDelegation": "false"}, {"acteurRef": "PA794718", "mandatRef": "PM797079", "parDelegation": "false"}, {"acteurRef": "PA793246", "mandatRef": "PM796227", "parDelegation": "false"}, {"acteurRef": "PA794538", "mandatRef": "PM796977", "parDelegation": "false"}, {"acteurRef": "PA794678", "mandatRef": "PM797052", "parDelegation": "false"}, {"acteurRef": "PA793892", "mandatRef": "PM796590", "parDelegation": "false"}, {"acteurRef": "PA793832", "mandatRef": "PM796557", "parDelegation": "false"}, {"acteurRef": "PA793102", "mandatRef": "PM796143", "parDelegation": "false"}, {"acteurRef": "PA793362", "mandatRef": "PM796284", "parDelegation": "false"}, {"acteurRef": "PA794418", "mandatRef": "PM796914", "parDelegation": "false"}, {"acteurRef": "PA793592", "mandatRef": "PM796425", "parDelegation": "false"}, {"acteurRef": "PA794598", "mandatRef": "PM797010", "parDelegation": "false"}, {"acteurRef": "PA794030", "mandatRef": "PM796665", "parDelegation": "false"}, {"acteurRef": "PA794354", "mandatRef": "PM796869", "parDelegation": "false"}, {"acteurRef": "PA720614", "mandatRef": "PM797055", "parDelegation": "false"}, {"acteurRef": "PA796026", "mandatRef": "PM797814", "parDelegation": "false"}, {"acteurRef": "PA793290", "mandatRef": "PM796248", "parDelegation": "false"}, {"acteurRef": "PA793672", "mandatRef": "PM796473", "parDelegation": "false"}, {"acteurRef": "PA794590", "mandatRef": "PM797007", "parDelegation": "false"}, {"acteurRef": "PA794530", "mandatRef": "PM796974", "parDelegation": "false"}, {"acteurRef": "PA794770", "mandatRef": "PM797112", "parDelegation": "false"}, {"acteurRef": "PA796114", "mandatRef": "PM824619", "parDelegation": "false"}, {"acteurRef": "PA793314", "mandatRef": "PM796257", "parDelegation": "false"}, {"acteurRef": "PA793330", "mandatRef": "PM796263", "parDelegation": "false"}, {"acteurRef": "PA793616", "mandatRef": "PM796437", "parDelegation": "false"}, {"acteurRef": "PA794322", "mandatRef": "PM796851", "parDelegation": "false"}, {"acteurRef": "PA793696", "mandatRef": "PM796482", "parDelegation": "false"}, {"acteurRef": "PA795552", "mandatRef": "PM797547", "parDelegation": "false"}, {"acteurRef": "PA794582", "mandatRef": "PM797004", "parDelegation": "false"}, {"acteurRef": "PA794894", "mandatRef": "PM797181", "parDelegation": "false"}, {"acteurRef": "PA794570", "mandatRef": "PM796998", "parDelegation": "false"}, {"acteurRef": "PA796050", "mandatRef": "PM797823", "parDelegation": "false"}, {"acteurRef": "PA793382", "mandatRef": "PM796293", "parDelegation": "false"}, {"acteurRef": "PA795778", "mandatRef": "PM797682", "parDelegation": "false"}, {"acteurRef": "PA794502", "mandatRef": "PM796962", "parDelegation": "false"}, {"acteurRef": "PA793298", "mandatRef": "PM796251", "parDelegation": "false"}, {"acteurRef": "PA794946", "mandatRef": "PM797205", "parDelegation": "false"}, {"acteurRef": "PA793158", "mandatRef": "PM796182", "parDelegation": "false"}, {"acteurRef": "PA794522", "mandatRef": "PM796971", "parDelegation": "false"}, {"acteurRef": "PA720822", "mandatRef": "PM797058", "parDelegation": "false"}, {"acteurRef": "PA794886", "mandatRef": "PM797178", "parDelegation": "false"}, {"acteurRef": "PA793134", "mandatRef": "PM796167", "parDelegation": "false"}, {"acteurRef": "PA794638", "mandatRef": "PM797034", "parDelegation": "false"}, {"acteurRef": "PA720468", "mandatRef": "PM796983", "parDelegation": "false"}]}, "contre": {"votant": [{"acteurRef": "PA793964", "mandatRef": "PM796626", "parDelegation": "false"}, {"acteurRef": "PA642988", "mandatRef": "PM797862", "parDelegation": "false"}, {"acteurRef": "PA721932", "mandatRef": "PM797361", "parDelegation": "false"}, {"acteurRef": "PA795786", "mandatRef": "PM797685", "parDelegation": "false"}, {"acteurRef": "PA793852", "mandatRef": "PM796566", "parDelegation": "false"}, {"acteurRef": "PA794314", "mandatRef": "PM796848", "parDelegation": "false"}, {"acteurRef": "PA795966", "mandatRef": "PM797781", "parDelegation": "false"}, {"acteurRef": "PA794442", "mandatRef": "PM796923", "parDelegation": "false"}, {"acteurRef": "PA796118", "mandatRef": "PM797859", "parDelegation": "false"}, {"acteurRef": "PA794434", "mandatRef": "PM796920", "parDelegation": "false"}, {"acteurRef": "PA793548", "mandatRef": "PM796398", "parDelegation": "false"}]}, "abstention": {"votant": [{"acteurRef": "PA793432", "mandatRef": "PM796323", "parDelegation": "false"}, {"acteurRef": "PA794562", "mandatRef": "PM796995", "parDelegation": "false"}, {"acteurRef": "PA793238", "mandatRef": "PM796224", "parDelegation": "false"}, {"acteurRef": "PA793374", "mandatRef": "PM796290", "parDelegation": "false"}, {"acteurRef": "PA793182", "mandatRef": "PM796191", "parDelegation": "false"}, {"acteurRef": "PA795836", "mandatRef": "PM797706", "parDelegation": "false"}, {"acteurRef": "PA793166", "mandatRef": "PM796185", "parDelegation": "false"}, {"acteurRef": "PA794762", "mandatRef": "PM797109", "parDelegation": "false"}, {"acteurRef": "PA795540", "mandatRef": "PM797541", "parDelegation": "false"}, {"acteurRef": "PA794734", "mandatRef": "PM797091", "parDelegation": "false"}, {"acteurRef": "PA793218", "mandatRef": "PM796215", "parDelegation": "false"}, {"acteurRef": "PA793632", "mandatRef": "PM796443", "parDelegation": "false"}, {"acteurRef": "PA795974", "mandatRef": "PM797784", "parDelegation": "false"}, {"acteurRef": "PA719436", "mandatRef": "PM796560", "parDelegation": "false"}, {"acteurRef": "PA793354", "mandatRef": "PM796281", "parDelegation": "false"}, {"acteurRef": "PA794670", "mandatRef": "PM797049", "parDelegation": "false"}, {"acteurRef": "PA793656", "mandatRef": "PM796464", "parDelegation": "false"}, {"acteurRef": "PA793230", "mandatRef": "PM796221", "parDelegation": "false"}, {"acteurRef": "PA793254", "mandatRef": "PM796230", "parDelegation": "false"}, {"acteurRef": "PA794954", "mandatRef": "PM797208", "parDelegation": "false"}]}}}}, {"organeRef": "PO800490", "nombreMembresGroupe": "75", "vote": {"positionMajoritaire": "pour", "decompteVoix": {"nonVotants": "0", "pour": "75", "contre": "0", "abstentions": "0", "nonVotantsVolontaires": "0"}, "decompteNominatif": {"nonVotant": null, "pour": {"votant": [{"acteurRef": "PA795136", "mandatRef": "PM797319", "parDelegation": "false"}, {"acteurRef": "PA793680", "mandatRef": "PM796476", "parDelegation": "false"}, {"acteurRef": "PA793452", "mandatRef": "PM796332", "parDelegation": "false"}, {"acteurRef": "PA793464", "mandatRef": "PM796338", "parDelegation": "false"}, {"acteurRef": "PA795200", "mandatRef": "PM797352", "parDelegation": "false"}, {"acteurRef": "PA795844", "mandatRef": "PM797709", "parDelegation": "false"}, {"acteurRef": "PA794458", "mandatRef": "PM796941", "parDelegation": "false"}, {"acteurRef": "PA794786", "mandatRef": "PM797118", "parDelegation": "false"}, {"acteurRef": "PA794870", "mandatRef": "PM797172", "parDelegation": "false"}, {"acteurRef": "PA720286", "mandatRef": "PM796878", "parDelegation": "false"}, {"acteurRef": "PA796070", "mandatRef": "PM797835", "parDelegation": "false"}, {"acteurRef": "PA796132", "mandatRef": "PM797868", "parDelegation": "false"}, {"acteurRef": "PA795310", "mandatRef": "PM797415", "parDelegation": "false"}, {"acteurRef": "PA794478", "mandatRef": "PM796950", "parDelegation": "false"}, {"acteurRef": "PA794082", "mandatRef": "PM796698", "parDelegation": "false"}, {"acteurRef": "PA795438", "mandatRef": "PM797484", "parDelegation": "false"}, {"acteurRef": "PA794130", "mandatRef": "PM796731", "parDelegation": "false"}, {"acteurRef": "PA720846", "mandatRef": "PM797328", "parDelegation": "false"}, {"acteurRef": "PA795516", "mandatRef": "PM797529", "parDelegation": "false"}, {"acteurRef": "PA795672", "mandatRef": "PM797616", "parDelegation": "false"}, {"acteurRef": "PA795746", "mandatRef": "PM797661", "parDelegation": "false"}, {"acteurRef": "PA795108", "mandatRef": "PM797304", "parDelegation": "false"}, {"acteurRef": "PA794402", "mandatRef": "PM796905", "parDelegation": "false"}, {"acteurRef": "PA795298", "mandatRef": "PM797409", "parDelegation": "false"}, {"acteurRef": "PA791824", "mandatRef": "PM797808", "parDelegation": "false"}, {"acteurRef": "PA793532", "mandatRef": "PM796386", "parDelegation": "false"}, {"acteurRef": "PA342384", "mandatRef": "PM796656", "parDelegation": "false"}, {"acteurRef": "PA793688", "mandatRef": "PM796479", "parDelegation": "false"}, {"acteurRef": "PA795692", "mandatRef": "PM797628", "parDelegation": "false"}, {"acteurRef": "PA817211", "mandatRef": "PM817366", "parDelegation": "false"}, {"acteurRef": "PA794066", "mandatRef": "PM796689", "parDelegation": "false"}, {"acteurRef": "PA795422", "mandatRef": "PM797478", "parDelegation": "false"}, {"acteurRef": "PA794686", "mandatRef": "PM797061", "parDelegation": "false"}, {"acteurRef": "PA795482", "mandatRef": "PM797508", "parDelegation": "false"}, {"acteurRef": "PA610654", "mandatRef": "PM797724", "parDelegation": "false"}, {"acteurRef": "PA721960", "mandatRef": "PM797811", "parDelegation": "false"}, {"acteurRef": "PA793872", "mandatRef": "PM796581", "parDelegation": "false"}, {"acteurRef": "PA720892", "mandatRef": "PM797520", "parDelegation": "false"}, {"acteurRef": "PA793756", "mandatRef": "PM796512", "parDelegation": "false"}, {"acteurRef": "PA796062", "mandatRef": "PM797832", "parDelegation": "false"}, {"acteurRef": "PA719578", "mandatRef": "PM796620", "parDelegation": "false"}, {"acteurRef": "PA720422", "mandatRef": "PM797022", "parDelegation": "false"}, {"acteurRef": "PA721062", "mandatRef": "PM797799", "parDelegation": "false"}, {"acteurRef": "PA793884", "mandatRef": "PM796587", "parDelegation": "false"}, {"acteurRef": "PA722142", "mandatRef": "PM797673", "parDelegation": "false"}, {"acteurRef": "PA795982", "mandatRef": "PM797787", "parDelegation": "false"}, {"acteurRef": "PA793724", "mandatRef": "PM796497", "parDelegation": "false"}, {"acteurRef": "PA796018", "mandatRef": "PM797805", "parDelegation": "false"}, {"acteurRef": "PA795466", "mandatRef": "PM797499", "parDelegation": "false"}, {"acteurRef": "PA793744", "mandatRef": "PM796506", "parDelegation": "false"}, {"acteurRef": "PA794106", "mandatRef": "PM796716", "parDelegation": "false"}, {"acteurRef": "PA794166", "mandatRef": "PM796749", "parDelegation": "false"}, {"acteurRef": "PA795164", "mandatRef": "PM797337", "parDelegation": "false"}, {"acteurRef": "PA795596", "mandatRef": "PM797580", "parDelegation": "false"}, {"acteurRef": "PA793110", "mandatRef": "PM796146", "parDelegation": "false"}, {"acteurRef": "PA795228", "mandatRef": "PM797370", "parDelegation": "false"}, {"acteurRef": "PA793262", "mandatRef": "PM796236", "parDelegation": "false"}, {"acteurRef": "PA794906", "mandatRef": "PM797187", "parDelegation": "false"}, {"acteurRef": "PA794138", "mandatRef": "PM796734", "parDelegation": "false"}, {"acteurRef": "PA795588", "mandatRef": "PM797577", "parDelegation": "false"}, {"acteurRef": "PA795084", "mandatRef": "PM797292", "parDelegation": "false"}, {"acteurRef": "PA588884", "mandatRef": "PM797373", "parDelegation": "false"}, {"acteurRef": "PA720430", "mandatRef": "PM797025", "parDelegation": "false"}, {"acteurRef": "PA793772", "mandatRef": "PM796521", "parDelegation": "false"}, {"acteurRef": "PA795616", "mandatRef": "PM797589", "parDelegation": "false"}, {"acteurRef": "PA793444", "mandatRef": "PM796329", "parDelegation": "false"}, {"acteurRef": "PA794938", "mandatRef": "PM797202", "parDelegation": "false"}, {"acteurRef": "PA795318", "mandatRef": "PM797418", "parDelegation": "false"}, {"acteurRef": "PA796090", "mandatRef": "PM797844", "parDelegation": "false"}, {"acteurRef": "PA793912", "mandatRef": "PM796599", "parDelegation": "false"}, {"acteurRef": "PA795580", "mandatRef": "PM797574", "parDelegation": "false"}, {"acteurRef": "PA791812", "mandatRef": "PM797280", "parDelegation": "false"}, {"acteurRef": "PA793736", "mandatRef": "PM796503", "parDelegation": "false"}, {"acteurRef": "PA721202", "mandatRef": "PM797826", "parDelegation": "false"}, {"acteurRef": "PA721210", "mandatRef": "PM797331", "parDelegation": "false"}]}, "contre": null, "abstention": null}}}, {"organeRef": "PO800508", "nombreMembresGroupe": "62", "vote": {"positionMajoritaire": "pour", "decompteVoix": {"nonVotants": "0", "pour": "43", "contre": "12", "abstentions": "4", "nonVotantsVolontaires": "4"}, "decompteNominatif": {"nonVotant": null, "pour": {"votant": [{"acteurRef": "PA719318", "mandatRef": "PM796470", "parDelegation": "false"}, {"acteurRef": "PA718884", "mandatRef": "PM796218", "parDelegation": "false"}, {"acteurRef": "PA721410", "mandatRef": "PM797316", "parDelegation": "false"}, {"acteurRef": "PA266793", "mandatRef": "PM796317", "parDelegation": "false"}, {"acteurRef": "PA721816", "mandatRef": "PM797571", "parDelegation": "false"}, {"acteurRef": "PA342240", "mandatRef": "PM796707", "parDelegation": "false"}, {"acteurRef": "PA718838", "mandatRef": "PM796197", "parDelegation": "false"}, {"acteurRef": "PA330240", "mandatRef": "PM796155", "parDelegation": "false"}, {"acteurRef": "PA718850", "mandatRef": "PM796203", "parDelegation": "false"}, {"acteurRef": "PA330909", "mandatRef": "PM796314", "parDelegation": "false"}, {"acteurRef": "PA712015", "mandatRef": "PM796176", "parDelegation": "false"}, {"acteurRef": "PA793476", "mandatRef": "PM796344", "parDelegation": "false"}, {"acteurRef": "PA608826", "mandatRef": "PM797256", "parDelegation": "false"}, {"acteurRef": "PA720684", "mandatRef": "PM797082", "parDelegation": "false"}, {"acteurRef": "PA1327", "mandatRef": "PM796632", "parDelegation": "false"}, {"acteurRef": "PA267324", "mandatRef": "PM797538", "parDelegation": "false"}, {"acteurRef": "PA794058", "mandatRef": "PM796686", "parDelegation": "false"}, {"acteurRef": "PA783457", "mandatRef": "PM796992", "parDelegation": "false"}, {"acteurRef": "PA1630", "mandatRef": "PM797487", "parDelegation": "false"}, {"acteurRef": "PA346782", "mandatRef": "PM797691", "parDelegation": "false"}, {"acteurRef": "PA608016", "mandatRef": "PM797100", "parDelegation": "false"}, {"acteurRef": "PA346054", "mandatRef": "PM797679", "parDelegation": "false"}, {"acteurRef": "PA606098", "mandatRef": "PM796449", "parDelegation": "false"}, {"acteurRef": "PA793342", "mandatRef": "PM796269", "parDelegation": "false"}, {"acteurRef": "PA719272", "mandatRef": "PM796347", "parDelegation": "false"}, {"acteurRef": "PA720630", "mandatRef": "PM797094", "parDelegation": "false"}, {"acteurRef": "PA794038", "mandatRef": "PM796668", "parDelegation": "false"}, {"acteurRef": "PA718784", "mandatRef": "PM796266", "parDelegation": "false"}, {"acteurRef": "PA795406", "mandatRef": "PM797466", "parDelegation": "false"}, {"acteurRef": "PA721442", "mandatRef": "PM797253", "parDelegation": "false"}, {"acteurRef": "PA794994", "mandatRef": "PM797232", "parDelegation": "false"}, {"acteurRef": "PA720100", "mandatRef": "PM796860", "parDelegation": "false"}, {"acteurRef": "PA793094", "mandatRef": "PM796140", "parDelegation": "false"}, {"acteurRef": "PA721314", "mandatRef": "PM797151", "parDelegation": "false"}, {"acteurRef": "PA794410", "mandatRef": "PM796911", "parDelegation": "false"}, {"acteurRef": "PA794178", "mandatRef": "PM796755", "parDelegation": "false"}, {"acteurRef": "PA643134", "mandatRef": "PM796758", "parDelegation": "false"}, {"acteurRef": "PA720586", "mandatRef": "PM797088", "parDelegation": "false"}, {"acteurRef": "PA794118", "mandatRef": "PM796725", "parDelegation": "false"}, {"acteurRef": "PA607090", "mandatRef": "PM796761", "parDelegation": "false"}, {"acteurRef": "PA794914", "mandatRef": "PM797190", "parDelegation": "false"}, {"acteurRef": "PA721474", "mandatRef": "PM797511", "parDelegation": "false"}, {"acteurRef": "PA719968", "mandatRef": "PM832556", "parDelegation": "false"}]}, "contre": {"votant": [{"acteurRef": "PA722390", "mandatRef": "PM797214", "parDelegation": "false"}, {"acteurRef": "PA332523", "mandatRef": "PM796683", "parDelegation": "false"}, {"acteurRef": "PA266797", "mandatRef": "PM796812", "parDelegation": "false"}, {"acteurRef": "PA608416", "mandatRef": "PM797133", "parDelegation": "false"}, {"acteurRef": "PA1874", "mandatRef": "PM796383", "parDelegation": "false"}, {"acteurRef": "PA720644", "mandatRef": "PM797103", "parDelegation": "false"}, {"acteurRef": "PA722308", "mandatRef": "PM797229", "parDelegation": "false"}, {"acteurRef": "PA267794", "mandatRef": "PM796272", "parDelegation": "false"}, {"acteurRef": "PA642847", "mandatRef": "PM796872", "parDelegation": "false"}, {"acteurRef": "PA774954", "mandatRef": "PM796797", "parDelegation": "false"}, {"acteurRef": "PA330008", "mandatRef": "PM796158", "parDelegation": "false"}, {"acteurRef": "PA793508", "mandatRef": "PM796371", "parDelegation": "false"}]}, "abstention": {"votant": [{"acteurRef": "PA793322", "mandatRef": "PM796260", "parDelegation": "false"}, {"acteurRef": "PA605991", "mandatRef": "PM796428", "parDelegation": "false"}, {"acteurRef": "PA695100", "mandatRef": "PM823124", "parDelegation": "false"}, {"acteurRef": "PA266808", "mandatRef": "PM797313", "parDelegation": "false"}]}}}}, {"organeRef": "PO800484", "nombreMembresGroupe": "49", "vote": {"positionMajoritaire": "pour", "decompteVoix": {"nonVotants": "0", "pour": "48", "contre": "0", "abstentions": "1", "nonVotantsVolontaires": "1"}, "decompteNominatif": {"nonVotant": null, "pour": {"votant": [{"acteurRef": "PA793560", "mandatRef": "PM796404", "parDelegation": "false"}, {"acteurRef": "PA719558", "mandatRef": "PM796554", "parDelegation": "false"}, {"acteurRef": "PA720256", "mandatRef": "PM796929", "parDelegation": "false"}, {"acteurRef": "PA719488", "mandatRef": "PM796500", "parDelegation": "false"}, {"acteurRef": "PA719024", "mandatRef": "PM796305", "parDelegation": "false"}, {"acteurRef": "PA720162", "mandatRef": "PM796809", "parDelegation": "false"}, {"acteurRef": "PA721608", "mandatRef": "PM797790", "parDelegation": "false"}, {"acteurRef": "PA721336", "mandatRef": "PM797184", "parDelegation": "false"}, {"acteurRef": "PA793520", "mandatRef": "PM796377", "parDelegation": "false"}, {"acteurRef": "PA793716", "mandatRef": "PM796491", "parDelegation": "false"}, {"acteurRef": "PA719266", "mandatRef": "PM796485", "parDelegation": "false"}, {"acteurRef": "PA719914", "mandatRef": "PM826860", "parDelegation": "false"}, {"acteurRef": "PA793122", "mandatRef": "PM796161", "parDelegation": "false"}, {"acteurRef": "PA605694", "mandatRef": "PM796401", "parDelegation": "false"}, {"acteurRef": "PA795604", "mandatRef": "PM797583", "parDelegation": "false"}, {"acteurRef": "PA722284", "mandatRef": "PM797238", "parDelegation": "false"}, {"acteurRef": "PA721760", "mandatRef": "PM797295", "parDelegation": "false"}, {"acteurRef": "PA720560", "mandatRef": "PM797016", "parDelegation": "false"}, {"acteurRef": "PA795258", "mandatRef": "PM797385", "parDelegation": "false"}, {"acteurRef": "PA722374", "mandatRef": "PM797196", "parDelegation": "false"}, {"acteurRef": "PA719874", "mandatRef": "PM796674", "parDelegation": "false"}, {"acteurRef": "PA720038", "mandatRef": "PM796746", "parDelegation": "false"}, {"acteurRef": "PA718978", "mandatRef": "PM796320", "parDelegation": "false"}, {"acteurRef": "PA720764", "mandatRef": "PM797166", "parDelegation": "false"}, {"acteurRef": "PA721984", "mandatRef": "PM797367", "parDelegation": "false"}, {"acteurRef": "PA795374", "mandatRef": "PM797448", "parDelegation": "false"}, {"acteurRef": "PA794702", "mandatRef": "PM797070", "parDelegation": "false"}, {"acteurRef": "PA721530", "mandatRef": "PM797433", "parDelegation": "false"}, {"acteurRef": "PA794114", "mandatRef": "PM796719", "parDelegation": "false"}, {"acteurRef": "PA795100", "mandatRef": "PM797301", "parDelegation": "false"}, {"acteurRef": "PA720728", "mandatRef": "PM797157", "parDelegation": "false"}, {"acteurRef": "PA719640", "mandatRef": "PM796575", "parDelegation": "false"}, {"acteurRef": "PA721976", "mandatRef": "PM797622", "parDelegation": "false"}, {"acteurRef": "PA794810", "mandatRef": "PM797130", "parDelegation": "false"}, {"acteurRef": "PA794830", "mandatRef": "PM797145", "parDelegation": "false"}, {"acteurRef": "PA720334", "mandatRef": "PM796884", "parDelegation": "false"}, {"acteurRef": "PA721182", "mandatRef": "PM797736", "parDelegation": "false"}, {"acteurRef": "PA721234", "mandatRef": "PM797451", "parDelegation": "false"}, {"acteurRef": "PA720720", "mandatRef": "PM797076", "parDelegation": "false"}, {"acteurRef": "PA720092", "mandatRef": "PM796857", "parDelegation": "false"}, {"acteurRef": "PA719822", "mandatRef": "PM796647", "parDelegation": "false"}, {"acteurRef": "PA722162", "mandatRef": "PM797475", "parDelegation": "false"}, {"acteurRef": "PA720704", "mandatRef": "PM797067", "parDelegation": "false"}, {"acteurRef": "PA331582", "mandatRef": "PM834864", "parDelegation": "false"}, {"acteurRef": "PA794194", "mandatRef": "PM802639", "parDelegation": "false"}, {"acteurRef": "PA720006", "mandatRef": "PM803286", "parDelegation": "false"}, {"acteurRef": "PA793792", "mandatRef": "PM803292", "parDelegation": "false"}, {"acteurRef": "PA805166", "mandatRef": "PM805854", "parDelegation": "false"}]}, "contre": null, "abstention": {"votant": {"acteurRef": "PA720772", "mandatRef": "PM797169", "parDelegation": "false"}}}}}, {"organeRef": "PO830170", "nombreMembresGroupe": "31", "vote": {"positionMajoritaire": "pour", "decompteVoix": {"nonVotants": "0", "pour": "31", "contre": "0", "abstentions": "0", "nonVotantsVolontaires": "0"}, "decompteNominatif": {"nonVotant": null, "pour": {"votant": [{"acteurRef": "PA642764", "mandatRef": "PM796524", "parDelegation": "false"}, {"acteurRef": "PA643143", "mandatRef": "PM797646", "parDelegation": "false"}, {"acteurRef": "PA342415", "mandatRef": "PM796659", "parDelegation": "false"}, {"acteurRef": "PA794094", "mandatRef": "PM796710", "parDelegation": "false"}, {"acteurRef": "PA793624", "mandatRef": "PM796440", "parDelegation": "false"}, {"acteurRef": "PA795762", "mandatRef": "PM797670", "parDelegation": "false"}, {"acteurRef": "PA1008", "mandatRef": "PM796623", "parDelegation": "false"}, {"acteurRef": "PA793394", "mandatRef": "PM796299", "parDelegation": "false"}, {"acteurRef": "PA795430", "mandatRef": "PM797481", "parDelegation": "false"}, {"acteurRef": "PA794854", "mandatRef": "PM797163", "parDelegation": "false"}, {"acteurRef": "PA609332", "mandatRef": "PM797532", "parDelegation": "false"}, {"acteurRef": "PA333285", "mandatRef": "PM796926", "parDelegation": "false"}, {"acteurRef": "PA1567", "mandatRef": "PM797631", "parDelegation": "false"}, {"acteurRef": "PA795828", "mandatRef": "PM797703", "parDelegation": "false"}, {"acteurRef": "PA643192", "mandatRef": "PM797097", "parDelegation": "false"}, {"acteurRef": "PA335054", "mandatRef": "PM797298", "parDelegation": "false"}, {"acteurRef": "PA795156", "mandatRef": "PM797334", "parDelegation": "false"}, {"acteurRef": "PA774958", "mandatRef": "PM797355", "parDelegation": "false"}, {"acteurRef": "PA643157", "mandatRef": "PM797763", "parDelegation": "false"}, {"acteurRef": "PA344201", "mandatRef": "PM818321", "parDelegation": "false"}, {"acteurRef": "PA794270", "mandatRef": "PM796821", "parDelegation": "false"}, {"acteurRef": "PA608172", "mandatRef": "PM797064", "parDelegation": "false"}, {"acteurRef": "PA607553", "mandatRef": "PM796875", "parDelegation": "false"}, {"acteurRef": "PA609590", "mandatRef": "PM797742", "parDelegation": "false"}, {"acteurRef": "PA342196", "mandatRef": "PM796695", "parDelegation": "false"}, {"acteurRef": "PA774960", "mandatRef": "PM797490", "parDelegation": "false"}, {"acteurRef": "PA340343", "mandatRef": "PM796275", "parDelegation": "false"}, {"acteurRef": "PA793816", "mandatRef": "PM796548", "parDelegation": "false"}, {"acteurRef": "PA608695", "mandatRef": "PM797220", "parDelegation": "false"}, {"acteurRef": "PA719930", "mandatRef": "PM796770", "parDelegation": "false"}, {"acteurRef": "PA794494", "mandatRef": "PM796959", "parDelegation": "false"}]}, "contre": null, "abstention": null}}}, {"organeRef": "PO800514", "nombreMembresGroupe": "29", "vote": {"positionMajoritaire": "pour", "decompteVoix": {"nonVotants": "0", "pour": "28", "contre": "0", "abstentions": "0", "nonVotantsVolontaires": "0"}, "decompteNominatif": {"nonVotant": null, "pour": {"votant": [{"acteurRef": "PA794278", "mandatRef": "PM796824", "parDelegation": "false"}, {"acteurRef": "PA793992", "mandatRef": "PM796641", "parDelegation": "false"}, {"acteurRef": "PA721522", "mandatRef": "PM797430", "parDelegation": "false"}, {"acteurRef": "PA795278", "mandatRef": "PM797397", "parDelegation": "false"}, {"acteurRef": "PA332228", "mandatRef": "PM796704", "parDelegation": "false"}, {"acteurRef": "PA719032", "mandatRef": "PM796308", "parDelegation": "false"}, {"acteurRef": "PA642868", "mandatRef": "PM796968", "parDelegation": "false"}, {"acteurRef": "PA267780", "mandatRef": "PM834858", "parDelegation": "false"}, {"acteurRef": "PA794470", "mandatRef": "PM796947", "parDelegation": "false"}, {"acteurRef": "PA794234", "mandatRef": "PM796791", "parDelegation": "false"}, {"acteurRef": "PA722070", "mandatRef": "PM797406", "parDelegation": "false"}, {"acteurRef": "PA719778", "mandatRef": "PM796713", "parDelegation": "false"}, {"acteurRef": "PA719052", "mandatRef": "PM796341", "parDelegation": "false"}, {"acteurRef": "PA794818", "mandatRef": "PM797136", "parDelegation": "false"}, {"acteurRef": "PA719382", "mandatRef": "PM796452", "parDelegation": "false"}, {"acteurRef": "PA794426", "mandatRef": "PM796917", "parDelegation": "false"}, {"acteurRef": "PA794838", "mandatRef": "PM797148", "parDelegation": "false"}, {"acteurRef": "PA720230", "mandatRef": "PM796833", "parDelegation": "false"}, {"acteurRef": "PA605782", "mandatRef": "PM796350", "parDelegation": "false"}, {"acteurRef": "PA720908", "mandatRef": "PM797556", "parDelegation": "false"}, {"acteurRef": "PA793398", "mandatRef": "PM796302", "parDelegation": "false"}, {"acteurRef": "PA793572", "mandatRef": "PM796413", "parDelegation": "false"}, {"acteurRef": "PA719528", "mandatRef": "PM796515", "parDelegation": "false"}, {"acteurRef": "PA795270", "mandatRef": "PM797394", "parDelegation": "false"}, {"acteurRef": "PA793306", "mandatRef": "PM796254", "parDelegation": "false"}, {"acteurRef": "PA720552", "mandatRef": "PM797013", "parDelegation": "false"}, {"acteurRef": "PA722336", "mandatRef": "PM797139", "parDelegation": "false"}, {"acteurRef": "PA795026", "mandatRef": "PM797259", "parDelegation": "false"}]}, "contre": null, "abstention": null}}}, {"organeRef": "PO800532", "nombreMembresGroupe": "22", "vote": {"positionMajoritaire": "pour", "decompteVoix": {"nonVotants": "0", "pour": "21", "contre": "1", "abstentions": "0", "nonVotantsVolontaires": "0"}, "decompteNominatif": {"nonVotant": null, "pour": {"votant": [{"acteurRef": "PA719146", "mandatRef": "PM796359", "parDelegation": "false"}, {"acteurRef": "PA267766", "mandatRef": "PM796980", "parDelegation": "false"}, {"acteurRef": "PA605069", "mandatRef": "PM796179", "parDelegation": "false"}, {"acteurRef": "PA719138", "mandatRef": "PM796356", "parDelegation": "false"}, {"acteurRef": "PA719286", "mandatRef": "PM796353", "parDelegation": "false"}, {"acteurRef": "PA942", "mandatRef": "PM796836", "parDelegation": "false"}, {"acteurRef": "PA720696", "mandatRef": "PM796989", "parDelegation": "false"}, {"acteurRef": "PA267042", "mandatRef": "PM796932", "parDelegation": "false"}, {"acteurRef": "PA795244", "mandatRef": "PM797379", "parDelegation": "false"}, {"acteurRef": "PA720976", "mandatRef": "PM797667", "parDelegation": "false"}, {"acteurRef": "PA607619", "mandatRef": "PM796890", "parDelegation": "false"}, {"acteurRef": "PA266788", "mandatRef": "PM796788", "parDelegation": "false"}, {"acteurRef": "PA721486", "mandatRef": "PM797517", "parDelegation": "false"}, {"acteurRef": "PA333421", "mandatRef": "PM796881", "parDelegation": "false"}, {"acteurRef": "PA793210", "mandatRef": "PM796212", "parDelegation": "false"}, {"acteurRef": "PA794626", "mandatRef": "PM797028", "parDelegation": "false"}, {"acteurRef": "PA720960", "mandatRef": "PM797643", "parDelegation": "false"}, {"acteurRef": "PA793796", "mandatRef": "PM796536", "parDelegation": "false"}, {"acteurRef": "PA2952", "mandatRef": "PM796206", "parDelegation": "false"}, {"acteurRef": "PA796078", "mandatRef": "PM797838", "parDelegation": "false"}, {"acteurRef": "PA822617", "mandatRef": "PM822619", "parDelegation": "false"}]}, "contre": {"votant": {"acteurRef": "PA721046", "mandatRef": "PM797769", "parDelegation": "false"}}, "abstention": null}}}, {"organeRef": "PO800502", "nombreMembresGroupe": "22", "vote": {"positionMajoritaire": "pour", "decompteVoix": {"nonVotants": "0", "pour": "22", "contre": "0", "abstentions": "0", "nonVotantsVolontaires": "0"}, "decompteNominatif": {"nonVotant": null, "pour": {"votant": [{"acteurRef": "PA720838", "mandatRef": "PM797865", "parDelegation": "false"}, {"acteurRef": "PA795868", "mandatRef": "PM797727", "parDelegation": "false"}, {"acteurRef": "PA795192", "mandatRef": "PM797349", "parDelegation": "false"}, {"acteurRef": "PA267306", "mandatRef": "PM797073", "parDelegation": "false"}, {"acteurRef": "PA718926", "mandatRef": "PM796326", "parDelegation": "false"}, {"acteurRef": "PA721896", "mandatRef": "PM797664", "parDelegation": "false"}, {"acteurRef": "PA722202", "mandatRef": "PM797358", "parDelegation": "false"}, {"acteurRef": "PA795998", "mandatRef": "PM797796", "parDelegation": "false"}, {"acteurRef": "PA795184", "mandatRef": "PM797346", "parDelegation": "false"}, {"acteurRef": "PA774962", "mandatRef": "PM797766", "parDelegation": "false"}, {"acteurRef": "PA335612", "mandatRef": "PM797391", "parDelegation": "false"}, {"acteurRef": "PA796010", "mandatRef": "PM797802", "parDelegation": "false"}, {"acteurRef": "PA793174", "mandatRef": "PM796188", "parDelegation": "false"}, {"acteurRef": "PA795820", "mandatRef": "PM797700", "parDelegation": "false"}, {"acteurRef": "PA721270", "mandatRef": "PM797829", "parDelegation": "false"}, {"acteurRef": "PA795876", "mandatRef": "PM797730", "parDelegation": "false"}, {"acteurRef": "PA720692", "mandatRef": "PM796986", "parDelegation": "false"}, {"acteurRef": "PA605745", "mandatRef": "PM796419", "parDelegation": "false"}, {"acteurRef": "PA794650", "mandatRef": "PM797040", "parDelegation": "false"}, {"acteurRef": "PA720992", "mandatRef": "PM797697", "parDelegation": "false"}, {"acteurRef": "PA795240", "mandatRef": "PM824815", "parDelegation": "false"}, {"acteurRef": "PA796106", "mandatRef": "PM833657", "parDelegation": "false"}]}, "contre": null, "abstention": null}}}, {"organeRef": "PO800526", "nombreMembresGroupe": "22", "vote": {"positionMajoritaire": "pour", "decompteVoix": {"nonVotants": "0", "pour": "22", "contre": "0", "abstentions": "0", "nonVotantsVolontaires": "0"}, "decompteNominatif": {"nonVotant": null, "pour": {"votant": [{"acteurRef": "PA793780", "mandatRef": "PM796527", "parDelegation": "false"}, {"acteurRef": "PA335999", "mandatRef": "PM797655", "parDelegation": "false"}, {"acteurRef": "PA795058", "mandatRef": "PM797277", "parDelegation": "false"}, {"acteurRef": "PA795362", "mandatRef": "PM797442", "parDelegation": "false"}, {"acteurRef": "PA795454", "mandatRef": "PM823126", "parDelegation": "false"}, {"acteurRef": "PA794008", "mandatRef": "PM796653", "parDelegation": "false"}, {"acteurRef": "PA793980", "mandatRef": "PM796635", "parDelegation": "false"}, {"acteurRef": "PA795010", "mandatRef": "PM797247", "parDelegation": "false"}, {"acteurRef": "PA794022", "mandatRef": "PM796662", "parDelegation": "false"}, {"acteurRef": "PA794146", "mandatRef": "PM796737", "parDelegation": "false"}, {"acteurRef": "PA795636", "mandatRef": "PM797601", "parDelegation": "false"}, {"acteurRef": "PA795794", "mandatRef": "PM797688", "parDelegation": "false"}, {"acteurRef": "PA793664", "mandatRef": "PM796467", "parDelegation": "false"}, {"acteurRef": "PA794154", "mandatRef": "PM796743", "parDelegation": "false"}, {"acteurRef": "PA794778", "mandatRef": "PM797115", "parDelegation": "false"}, {"acteurRef": "PA795076", "mandatRef": "PM797289", "parDelegation": "false"}, {"acteurRef": "PA610002", "mandatRef": "PM797286", "parDelegation": "false"}, {"acteurRef": "PA795808", "mandatRef": "PM797694", "parDelegation": "false"}, {"acteurRef": "PA720952", "mandatRef": "PM797619", "parDelegation": "false"}, {"acteurRef": "PA736201", "mandatRef": "PM797523", "parDelegation": "false"}, {"acteurRef": "PA793948", "mandatRef": "PM796617", "parDelegation": "false"}, {"acteurRef": "PA793708", "mandatRef": "PM796488", "parDelegation": "false"}]}, "contre": null, "abstention": null}}}, {"organeRef": "PO793087", "nombreMembresGroupe": "6", "vote": {"positionMajoritaire": "pour", "decompteVoix": {"nonVotants": "0", "pour": "3", "contre": "2", "abstentions": "0", "nonVotantsVolontaires": "0"}, "decompteNominatif": {"nonVotant": null, "pour": {"votant": [{"acteurRef": "PA1592", "mandatRef": "PM797160", "parDelegation": "false"}, {"acteurRef": "PA722344", "mandatRef": "PM797244", "parDelegation": "false"}, {"acteurRef": "PA719396", "mandatRef": "PM796461", "parDelegation": "false"}]}, "contre": {"votant": [{"acteurRef": "PA309643", "mandatRef": "PM797403", "parDelegation": "false"}, {"acteurRef": "PA719608", "mandatRef": "PM796593", "parDelegation": "false"}]}, "abstention": null}}}, {"organeRef": "PO286005", "nombreMembresGroupe": "132", "vote": {"positionMajoritaire": "pour", "decompteVoix": {"nonVotants": "0", "pour": "79", "contre": "38", "abstentions": "14", "nonVotantsVolontaires": "14"}, "decompteNominatif": {"nonVotant": null, "pour": {"votant": [{"acteurRef": "PA1001", "mandatRef": "PM829905", "parDelegation": "false"}, {"acteurRef": "PA1744", "mandatRef": "PM775781", "parDelegation": "false"}, {"acteurRef": "PA205280", "mandatRef": "PM829891", "parDelegation": "false"}, {"acteurRef": "PA267328", "mandatRef": "PM775729", "parDelegation": "false"}, {"acteurRef": "PA267340", "mandatRef": "PM775731", "parDelegation": "false"}, {"acteurRef": "PA304085", "mandatRef": "PM829871", "parDelegation": "false"}, {"acteurRef": "PA331381", "mandatRef": "PM775739", "parDelegation": "false"}, {"acteurRef": "PA342523", "mandatRef": "PM828470", "parDelegation": "false"}, {"acteurRef": "PA394676", "mandatRef": "PM775769", "parDelegation": "false"}, {"acteurRef": "PA404656", "mandatRef": "PM829669", "parDelegation": "false"}, {"acteurRef": "PA415447", "mandatRef": "PM775785", "parDelegation": "false"}, {"acteurRef": "PA415486", "mandatRef": "PM775813", "parDelegation": "false"}, {"acteurRef": "PA429842", "mandatRef": "PM829733", "parDelegation": "false"}, {"acteurRef": "PA429858", "mandatRef": "PM829745", "parDelegation": "false"}, {"acteurRef": "PA429875", "mandatRef": "PM829755", "parDelegation": "false"}, {"acteurRef": "PA703493", "mandatRef": "PM775659", "parDelegation": "false"}, {"acteurRef": "PA703500", "mandatRef": "PM775643", "parDelegation": "false"}, {"acteurRef": "PA703510", "mandatRef": "PM775681", "parDelegation": "false"}, {"acteurRef": "PA703515", "mandatRef": "PM775663", "parDelegation": "false"}, {"acteurRef": "PA703518", "mandatRef": "PM775673", "parDelegation": "false"}, {"acteurRef": "PA703520", "mandatRef": "PM775705", "parDelegation": "false"}, {"acteurRef": "PA703522", "mandatRef": "PM775701", "parDelegation": "false"}, {"acteurRef": "PA703527", "mandatRef": "PM775709", "parDelegation": "false"}, {"acteurRef": "PA703530", "mandatRef": "PM775689", "parDelegation": "false"}, {"acteurRef": "PA703540", "mandatRef": "PM775723", "parDelegation": "false"}, {"acteurRef": "PA703541", "mandatRef": "PM775725", "parDelegation": "false"}, {"acteurRef": "PA708632", "mandatRef": "PM775667", "parDelegation": "false"}, {"acteurRef": "PA711156", "mandatRef": "PM829933", "parDelegation": "false"}, {"acteurRef": "PA715322", "mandatRef": "PM775713", "parDelegation": "false"}, {"acteurRef": "PA721130", "mandatRef": "PM775608", "parDelegation": "false"}, {"acteurRef": "PA736180", "mandatRef": "PM785871", "parDelegation": "false"}, {"acteurRef": "PA736186", "mandatRef": "PM829807", "parDelegation": "false"}, {"acteurRef": "PA736193", "mandatRef": "PM829857", "parDelegation": "false"}, {"acteurRef": "PA736197", "mandatRef": "PM829863", "parDelegation": "false"}, {"acteurRef": "PA736202", "mandatRef": "PM775775", "parDelegation": "false"}, {"acteurRef": "PA736207", "mandatRef": "PM829847", "parDelegation": "false"}, {"acteurRef": "PA736216", "mandatRef": "PM829875", "parDelegation": "false"}, {"acteurRef": "PA736227", "mandatRef": "PM829901", "parDelegation": "false"}, {"acteurRef": "PA736231", "mandatRef": "PM829915", "parDelegation": "false"}, {"acteurRef": "PA763158", "mandatRef": "PM775683", "parDelegation": "false"}, {"acteurRef": "PA775168", "mandatRef": "PM775470", "parDelegation": "false"}, {"acteurRef": "PA775176", "mandatRef": "PM775462", "parDelegation": "false"}, {"acteurRef": "PA775178", "mandatRef": "PM775460", "parDelegation": "false"}, {"acteurRef": "PA775184", "mandatRef": "PM775486", "parDelegation": "false"}, {"acteurRef": "PA775190", "mandatRef": "PM775488", "parDelegation": "false"}, {"acteurRef": "PA775192", "mandatRef": "PM775478", "parDelegation": "false"}, {"acteurRef": "PA775202", "mandatRef": "PM775502", "parDelegation": "false"}, {"acteurRef": "PA775204", "mandatRef": "PM775508", "parDelegation": "false"}, {"acteurRef": "PA775212", "mandatRef": "PM775500", "parDelegation": "false"}, {"acteurRef": "PA775216", "mandatRef": "PM775522", "parDelegation": "false"}, {"acteurRef": "PA775228", "mandatRef": "PM775516", "parDelegation": "false"}, {"acteurRef": "PA775240", "mandatRef": "PM775530", "parDelegation": "false"}, {"acteurRef": "PA775242", "mandatRef": "PM775528", "parDelegation": "false"}, {"acteurRef": "PA775248", "mandatRef": "PM775554", "parDelegation": "false"}, {"acteurRef": "PA775258", "mandatRef": "PM775544", "parDelegation": "false"}, {"acteurRef": "PA775264", "mandatRef": "PM775570", "parDelegation": "false"}, {"acteurRef": "PA775276", "mandatRef": "PM775566", "parDelegation": "false"}, {"acteurRef": "PA775280", "mandatRef": "PM775586", "parDelegation": "false"}, {"acteurRef": "PA775284", "mandatRef": "PM775590", "parDelegation": "false"}, {"acteurRef": "PA775286", "mandatRef": "PM775588", "parDelegation": "false"}, {"acteurRef": "PA775288", "mandatRef": "PM775578", "parDelegation": "false"}, {"acteurRef": "PA775298", "mandatRef": "PM775594", "parDelegation": "false"}, {"acteurRef": "PA775302", "mandatRef": "PM775598", "parDelegation": "false"}, {"acteurRef": "PA785193", "mandatRef": "PM829743", "parDelegation": "false"}, {"acteurRef": "PA827894", "mandatRef": "PM828460", "parDelegation": "false"}, {"acteurRef": "PA827914", "mandatRef": "PM828494", "parDelegation": "false"}, {"acteurRef": "PA827922", "mandatRef": "PM828580", "parDelegation": "false"}, {"acteurRef": "PA827928", "mandatRef": "PM828538", "parDelegation": "false"}, {"acteurRef": "PA827938", "mandatRef": "PM828646", "parDelegation": "false"}, {"acteurRef": "PA827952", "mandatRef": "PM828698", "parDelegation": "false"}, {"acteurRef": "PA827964", "mandatRef": "PM828652", "parDelegation": "false"}, {"acteurRef": "PA827970", "mandatRef": "PM828758", "parDelegation": "false"}, {"acteurRef": "PA827974", "mandatRef": "PM828744", "parDelegation": "false"}, {"acteurRef": "PA827976", "mandatRef": "PM828724", "parDelegation": "false"}, {"acteurRef": "PA827984", "mandatRef": "PM828800", "parDelegation": "false"}, {"acteurRef": "PA827988", "mandatRef": "PM828788", "parDelegation": "false"}, {"acteurRef": "PA827998", "mandatRef": "PM828770", "parDelegation": "false"}, {"acteurRef": "PA828008", "mandatRef": "PM828826", "parDelegation": "false"}, {"acteurRef": "PA828012", "mandatRef": "PM828812", "parDelegation": "false"}]}, "contre": {"votant": [{"acteurRef": "PA2197", "mandatRef": "PM775755", "parDelegation": "false"}, {"acteurRef": "PA2538", "mandatRef": "PM775801", "parDelegation": "false"}, {"acteurRef": "PA227094", "mandatRef": "PM829735", "parDelegation": "false"}, {"acteurRef": "PA267075", "mandatRef": "PM775610", "parDelegation": "false"}, {"acteurRef": "PA267081", "mandatRef": "PM775733", "parDelegation": "false"}, {"acteurRef": "PA267112", "mandatRef": "PM775737", "parDelegation": "false"}, {"acteurRef": "PA415448", "mandatRef": "PM775789", "parDelegation": "false"}, {"acteurRef": "PA415451", "mandatRef": "PM775787", "parDelegation": "false"}, {"acteurRef": "PA415454", "mandatRef": "PM785875", "parDelegation": "false"}, {"acteurRef": "PA415462", "mandatRef": "PM775797", "parDelegation": "false"}, {"acteurRef": "PA415467", "mandatRef": "PM775803", "parDelegation": "false"}, {"acteurRef": "PA426327", "mandatRef": "PM775735", "parDelegation": "false"}, {"acteurRef": "PA607489", "mandatRef": "PM829715", "parDelegation": "false"}, {"acteurRef": "PA703494", "mandatRef": "PM775651", "parDelegation": "false"}, {"acteurRef": "PA703503", "mandatRef": "PM775639", "parDelegation": "false"}, {"acteurRef": "PA703517", "mandatRef": "PM775675", "parDelegation": "false"}, {"acteurRef": "PA703521", "mandatRef": "PM775707", "parDelegation": "false"}, {"acteurRef": "PA703537", "mandatRef": "PM775721", "parDelegation": "false"}, {"acteurRef": "PA709750", "mandatRef": "PM829647", "parDelegation": "false"}, {"acteurRef": "PA715745", "mandatRef": "PM829911", "parDelegation": "false"}, {"acteurRef": "PA736169", "mandatRef": "PM829791", "parDelegation": "false"}, {"acteurRef": "PA736188", "mandatRef": "PM829827", "parDelegation": "false"}, {"acteurRef": "PA736198", "mandatRef": "PM829861", "parDelegation": "false"}, {"acteurRef": "PA736200", "mandatRef": "PM829845", "parDelegation": "false"}, {"acteurRef": "PA736205", "mandatRef": "PM829851", "parDelegation": "false"}, {"acteurRef": "PA736211", "mandatRef": "PM829879", "parDelegation": "false"}, {"acteurRef": "PA736213", "mandatRef": "PM775791", "parDelegation": "false"}, {"acteurRef": "PA736218", "mandatRef": "PM829869", "parDelegation": "false"}, {"acteurRef": "PA736239", "mandatRef": "PM829893", "parDelegation": "false"}, {"acteurRef": "PA758716", "mandatRef": "PM775771", "parDelegation": "false"}, {"acteurRef": "PA773891", "mandatRef": "PM829713", "parDelegation": "false"}, {"acteurRef": "PA775174", "mandatRef": "PM775472", "parDelegation": "false"}, {"acteurRef": "PA775220", "mandatRef": "PM775526", "parDelegation": "false"}, {"acteurRef": "PA775230", "mandatRef": "PM775514", "parDelegation": "false"}, {"acteurRef": "PA775270", "mandatRef": "PM775572", "parDelegation": "false"}, {"acteurRef": "PA775292", "mandatRef": "PM775582", "parDelegation": "false"}, {"acteurRef": "PA776985", "mandatRef": "PM829727", "parDelegation": "false"}, {"acteurRef": "PA827954", "mandatRef": "PM828704", "parDelegation": "false"}]}, "abstention": {"votant": [{"acteurRef": "PA1828", "mandatRef": "PM829747", "parDelegation": "false"}, {"acteurRef": "PA303997", "mandatRef": "PM775743", "parDelegation": "false"}, {"acteurRef": "PA313924", "mandatRef": "PM775727", "parDelegation": "false"}, {"acteurRef": "PA343988", "mandatRef": "PM829809", "parDelegation": "false"}, {"acteurRef": "PA415479", "mandatRef": "PM775805", "parDelegation": "false"}, {"acteurRef": "PA415495", "mandatRef": "PM775635", "parDelegation": "false"}, {"acteurRef": "PA429874", "mandatRef": "PM829753", "parDelegation": "false"}, {"acteurRef": "PA703497", "mandatRef": "PM775637", "parDelegation": "false"}, {"acteurRef": "PA703513", "mandatRef": "PM775671", "parDelegation": "false"}, {"acteurRef": "PA736185", "mandatRef": "PM829813", "parDelegation": "false"}, {"acteurRef": "PA736238", "mandatRef": "PM829895", "parDelegation": "false"}, {"acteurRef": "PA736246", "mandatRef": "PM775819", "parDelegation": "false"}, {"acteurRef": "PA775222", "mandatRef": "PM775524", "parDelegation": "false"}, {"acteurRef": "PA778908", "mandatRef": "PM829661", "parDelegation": "false"}]}}}}, {"organeRef": "PO77710", "nombreMembresGroupe": "64", "vote": {"positionMajoritaire": "pour", "decompteVoix": {"nonVotants": "0", "pour": "64", "contre": "0", "abstentions": "0", "nonVotantsVolontaires": "0"}, "decompteNominatif": {"nonVotant": null, "pour": {"votant": [{"acteurRef": "PA2074", "mandatRef": "PM775677", "parDelegation": "false"}, {"acteurRef": "PA268048", "mandatRef": "PM829731", "parDelegation": "false"}, {"acteurRef": "PA342564", "mandatRef": "PM829509", "parDelegation": "false"}, {"acteurRef": "PA415449", "mandatRef": "PM775793", "parDelegation": "false"}, {"acteurRef": "PA415477", "mandatRef": "PM775809", "parDelegation": "false"}, {"acteurRef": "PA415488", "mandatRef": "PM775641", "parDelegation": "false"}, {"acteurRef": "PA429833", "mandatRef": "PM829725", "parDelegation": "false"}, {"acteurRef": "PA429835", "mandatRef": "PM829719", "parDelegation": "false"}, {"acteurRef": "PA429867", "mandatRef": "PM829751", "parDelegation": "false"}, {"acteurRef": "PA429889", "mandatRef": "PM829767", "parDelegation": "false"}, {"acteurRef": "PA590034", "mandatRef": "PM775606", "parDelegation": "false"}, {"acteurRef": "PA605888", "mandatRef": "PM775604", "parDelegation": "false"}, {"acteurRef": "PA606375", "mandatRef": "PM775602", "parDelegation": "false"}, {"acteurRef": "PA607761", "mandatRef": "PM828556", "parDelegation": "false"}, {"acteurRef": "PA610850", "mandatRef": "PM828634", "parDelegation": "false"}, {"acteurRef": "PA642756", "mandatRef": "PM775779", "parDelegation": "false"}, {"acteurRef": "PA642982", "mandatRef": "PM829146", "parDelegation": "false"}, {"acteurRef": "PA643028", "mandatRef": "PM829316", "parDelegation": "false"}, {"acteurRef": "PA643211", "mandatRef": "PM775749", "parDelegation": "false"}, {"acteurRef": "PA702993", "mandatRef": "PM829493", "parDelegation": "false"}, {"acteurRef": "PA703505", "mandatRef": "PM775679", "parDelegation": "false"}, {"acteurRef": "PA703509", "mandatRef": "PM775687", "parDelegation": "false"}, {"acteurRef": "PA703511", "mandatRef": "PM775685", "parDelegation": "false"}, {"acteurRef": "PA703512", "mandatRef": "PM775665", "parDelegation": "false"}, {"acteurRef": "PA703536", "mandatRef": "PM775719", "parDelegation": "false"}, {"acteurRef": "PA703538", "mandatRef": "PM775715", "parDelegation": "false"}, {"acteurRef": "PA708633", "mandatRef": "PM775669", "parDelegation": "false"}, {"acteurRef": "PA712422", "mandatRef": "PM828926", "parDelegation": "false"}, {"acteurRef": "PA732419", "mandatRef": "PM775647", "parDelegation": "false"}, {"acteurRef": "PA736167", "mandatRef": "PM829803", "parDelegation": "false"}, {"acteurRef": "PA736181", "mandatRef": "PM829839", "parDelegation": "false"}, {"acteurRef": "PA736191", "mandatRef": "PM829819", "parDelegation": "false"}, {"acteurRef": "PA736214", "mandatRef": "PM829883", "parDelegation": "false"}, {"acteurRef": "PA736217", "mandatRef": "PM829873", "parDelegation": "false"}, {"acteurRef": "PA736219", "mandatRef": "PM829867", "parDelegation": "false"}, {"acteurRef": "PA736225", "mandatRef": "PM829907", "parDelegation": "false"}, {"acteurRef": "PA736229", "mandatRef": "PM829923", "parDelegation": "false"}, {"acteurRef": "PA736234", "mandatRef": "PM829887", "parDelegation": "false"}, {"acteurRef": "PA736241", "mandatRef": "PM829931", "parDelegation": "false"}, {"acteurRef": "PA766947", "mandatRef": "PM775799", "parDelegation": "false"}, {"acteurRef": "PA775186", "mandatRef": "PM775484", "parDelegation": "false"}, {"acteurRef": "PA775194", "mandatRef": "PM775476", "parDelegation": "false"}, {"acteurRef": "PA775196", "mandatRef": "PM775482", "parDelegation": "false"}, {"acteurRef": "PA775200", "mandatRef": "PM775504", "parDelegation": "false"}, {"acteurRef": "PA775206", "mandatRef": "PM775506", "parDelegation": "false"}, {"acteurRef": "PA775210", "mandatRef": "PM775492", "parDelegation": "false"}, {"acteurRef": "PA775254", "mandatRef": "PM775556", "parDelegation": "false"}, {"acteurRef": "PA775256", "mandatRef": "PM775546", "parDelegation": "false"}, {"acteurRef": "PA775268", "mandatRef": "PM775574", "parDelegation": "false"}, {"acteurRef": "PA775274", "mandatRef": "PM775560", "parDelegation": "false"}, {"acteurRef": "PA775290", "mandatRef": "PM775576", "parDelegation": "false"}, {"acteurRef": "PA775294", "mandatRef": "PM775580", "parDelegation": "false"}, {"acteurRef": "PA785855", "mandatRef": "PM785869", "parDelegation": "false"}, {"acteurRef": "PA827900", "mandatRef": "PM828434", "parDelegation": "false"}, {"acteurRef": "PA827920", "mandatRef": "PM828574", "parDelegation": "false"}, {"acteurRef": "PA827924", "mandatRef": "PM828550", "parDelegation": "false"}, {"acteurRef": "PA827932", "mandatRef": "PM828526", "parDelegation": "false"}, {"acteurRef": "PA827940", "mandatRef": "PM828622", "parDelegation": "false"}, {"acteurRef": "PA827982", "mandatRef": "PM828718", "parDelegation": "false"}, {"acteurRef": "PA827994", "mandatRef": "PM828782", "parDelegation": "false"}, {"acteurRef": "PA828010", "mandatRef": "PM828832", "parDelegation": "false"}, {"acteurRef": "PA828014", "mandatRef": "PM828818", "parDelegation": "false"}, {"acteurRef": "PA828018", "mandatRef": "PM828882", "parDelegation": "false"}, {"acteurRef": "PA828022", "mandatRef": "PM828870", "parDelegation": "false"}]}, "contre": null, "abstention": null}}}, {"organeRef": "PO309463", "nombreMembresGroupe": "56", "vote": {"positionMajoritaire": "abstention", "decompteVoix": {"nonVotants": "0", "pour": "42", "contre": "6", "abstentions": "8", "nonVotantsVolontaires": "8"}, "decompteNominatif": {"nonVotant": null, "pour": {"votant": [{"acteurRef": "PA1127", "mandatRef": "PM828348", "parDelegation": "false"}, {"acteurRef": "PA227098", "mandatRef": "PM829739", "parDelegation": "false"}, {"acteurRef": "PA266795", "mandatRef": "PM775711", "parDelegation": "false"}, {"acteurRef": "PA267241", "mandatRef": "PM778080", "parDelegation": "false"}, {"acteurRef": "PA341381", "mandatRef": "PM775747", "parDelegation": "false"}, {"acteurRef": "PA429884", "mandatRef": "PM829761", "parDelegation": "false"}, {"acteurRef": "PA703498", "mandatRef": "PM829449", "parDelegation": "false"}, {"acteurRef": "PA703501", "mandatRef": "PM775645", "parDelegation": "false"}, {"acteurRef": "PA703514", "mandatRef": "PM775661", "parDelegation": "false"}, {"acteurRef": "PA703525", "mandatRef": "PM785877", "parDelegation": "false"}, {"acteurRef": "PA703532", "mandatRef": "PM775699", "parDelegation": "false"}, {"acteurRef": "PA706108", "mandatRef": "PM829553", "parDelegation": "false"}, {"acteurRef": "PA709298", "mandatRef": "PM775773", "parDelegation": "false"}, {"acteurRef": "PA720634", "mandatRef": "PM829699", "parDelegation": "false"}, {"acteurRef": "PA721742", "mandatRef": "PM829056", "parDelegation": "false"}, {"acteurRef": "PA736158", "mandatRef": "PM829783", "parDelegation": "false"}, {"acteurRef": "PA736166", "mandatRef": "PM775765", "parDelegation": "false"}, {"acteurRef": "PA736182", "mandatRef": "PM829837", "parDelegation": "false"}, {"acteurRef": "PA736184", "mandatRef": "PM829817", "parDelegation": "false"}, {"acteurRef": "PA736204", "mandatRef": "PM829853", "parDelegation": "false"}, {"acteurRef": "PA736206", "mandatRef": "PM829849", "parDelegation": "false"}, {"acteurRef": "PA736223", "mandatRef": "PM829877", "parDelegation": "false"}, {"acteurRef": "PA736224", "mandatRef": "PM829913", "parDelegation": "false"}, {"acteurRef": "PA736230", "mandatRef": "PM829919", "parDelegation": "false"}, {"acteurRef": "PA736245", "mandatRef": "PM775821", "parDelegation": "false"}, {"acteurRef": "PA747420", "mandatRef": "PM775761", "parDelegation": "false"}, {"acteurRef": "PA747422", "mandatRef": "PM775753", "parDelegation": "false"}, {"acteurRef": "PA767418", "mandatRef": "PM775767", "parDelegation": "false"}, {"acteurRef": "PA775170", "mandatRef": "PM775468", "parDelegation": "false"}, {"acteurRef": "PA775188", "mandatRef": "PM775490", "parDelegation": "false"}, {"acteurRef": "PA775208", "mandatRef": "PM775494", "parDelegation": "false"}, {"acteurRef": "PA775236", "mandatRef": "PM775542", "parDelegation": "false"}, {"acteurRef": "PA775238", "mandatRef": "PM775540", "parDelegation": "false"}, {"acteurRef": "PA775250", "mandatRef": "PM775552", "parDelegation": "false"}, {"acteurRef": "PA788192", "mandatRef": "PM829697", "parDelegation": "false"}, {"acteurRef": "PA827896", "mandatRef": "PM828448", "parDelegation": "false"}, {"acteurRef": "PA827906", "mandatRef": "PM828520", "parDelegation": "false"}, {"acteurRef": "PA827918", "mandatRef": "PM828482", "parDelegation": "false"}, {"acteurRef": "PA827942", "mandatRef": "PM828628", "parDelegation": "false"}, {"acteurRef": "PA827986", "mandatRef": "PM828806", "parDelegation": "false"}, {"acteurRef": "PA827990", "mandatRef": "PM828794", "parDelegation": "false"}, {"acteurRef": "PA827996", "mandatRef": "PM828764", "parDelegation": "false"}]}, "contre": {"votant": [{"acteurRef": "PA429832", "mandatRef": "PM829723", "parDelegation": "false"}, {"acteurRef": "PA703492", "mandatRef": "PM775657", "parDelegation": "false"}, {"acteurRef": "PA707706", "mandatRef": "PM775741", "parDelegation": "false"}, {"acteurRef": "PA736236", "mandatRef": "PM829899", "parDelegation": "false"}, {"acteurRef": "PA775218", "mandatRef": "PM775518", "parDelegation": "false"}, {"acteurRef": "PA784534", "mandatRef": "PM784544", "parDelegation": "false"}]}, "abstention": {"votant": [{"acteurRef": "PA569", "mandatRef": "PM775717", "parDelegation": "false"}, {"acteurRef": "PA267673", "mandatRef": "PM775865", "parDelegation": "false"}, {"acteurRef": "PA304017", "mandatRef": "PM775757", "parDelegation": "false"}, {"acteurRef": "PA382672", "mandatRef": "PM829681", "parDelegation": "false"}, {"acteurRef": "PA415446", "mandatRef": "PM775783", "parDelegation": "false"}, {"acteurRef": "PA429869", "mandatRef": "PM829749", "parDelegation": "false"}, {"acteurRef": "PA703523", "mandatRef": "PM775703", "parDelegation": "false"}, {"acteurRef": "PA736237", "mandatRef": "PM829897", "parDelegation": "false"}]}}}}, {"organeRef": "PO732421", "nombreMembresGroupe": "22", "vote": {"positionMajoritaire": "pour", "decompteVoix": {"nonVotants": "0", "pour": "21", "contre": "1", "abstentions": "0", "nonVotantsVolontaires": "0"}, "decompteNominatif": {"nonVotant": null, "pour": {"votant": [{"acteurRef": "PA2337", "mandatRef": "PM775691", "parDelegation": "false"}, {"acteurRef": "PA267387", "mandatRef": "PM832620", "parDelegation": "false"}, {"acteurRef": "PA303995", "mandatRef": "PM775745", "parDelegation": "false"}, {"acteurRef": "PA415499", "mandatRef": "PM775655", "parDelegation": "false"}, {"acteurRef": "PA429840", "mandatRef": "PM829737", "parDelegation": "false"}, {"acteurRef": "PA703506", "mandatRef": "PM777126", "parDelegation": "false"}, {"acteurRef": "PA719408", "mandatRef": "PM775520", "parDelegation": "false"}, {"acteurRef": "PA721166", "mandatRef": "PM785865", "parDelegation": "false"}, {"acteurRef": "PA736165", "mandatRef": "PM829805", "parDelegation": "false"}, {"acteurRef": "PA736179", "mandatRef": "PM829833", "parDelegation": "false"}, {"acteurRef": "PA736208", "mandatRef": "PM829881", "parDelegation": "false"}, {"acteurRef": "PA736233", "mandatRef": "PM829889", "parDelegation": "false"}, {"acteurRef": "PA760322", "mandatRef": "PM775649", "parDelegation": "false"}, {"acteurRef": "PA775234", "mandatRef": "PM775536", "parDelegation": "false"}, {"acteurRef": "PA775244", "mandatRef": "PM775534", "parDelegation": "false"}, {"acteurRef": "PA775266", "mandatRef": "PM775568", "parDelegation": "false"}, {"acteurRef": "PA775278", "mandatRef": "PM775564", "parDelegation": "false"}, {"acteurRef": "PA827902", "mandatRef": "PM828442", "parDelegation": "false"}, {"acteurRef": "PA827916", "mandatRef": "PM828476", "parDelegation": "false"}, {"acteurRef": "PA827972", "mandatRef": "PM828738", "parDelegation": "false"}, {"acteurRef": "PA827980", "mandatRef": "PM828710", "parDelegation": "false"}]}, "contre": {"votant": {"acteurRef": "PA703535", "mandatRef": "PM793090", "parDelegation": "false"}}, "abstention": null}}}, {"organeRef": "PO741019", "nombreMembresGroupe": "18", "vote": {"positionMajoritaire": "abstention", "decompteVoix": {"nonVotants": "0", "pour": "15", "contre": "0", "abstentions": "2", "nonVotantsVolontaires": "2"}, "decompteNominatif": {"nonVotant": null, "pour": {"votant": [{"acteurRef": "PA2042", "mandatRef": "PM775815", "parDelegation": "false"}, {"acteurRef": "PA267512", "mandatRef": "PM775817", "parDelegation": "false"}, {"acteurRef": "PA267907", "mandatRef": "PM775751", "parDelegation": "false"}, {"acteurRef": "PA703480", "mandatRef": "PM775807", "parDelegation": "false"}, {"acteurRef": "PA703534", "mandatRef": "PM775695", "parDelegation": "false"}, {"acteurRef": "PA736174", "mandatRef": "PM829797", "parDelegation": "false"}, {"acteurRef": "PA736196", "mandatRef": "PM829865", "parDelegation": "false"}, {"acteurRef": "PA775300", "mandatRef": "PM775600", "parDelegation": "false"}, {"acteurRef": "PA827908", "mandatRef": "PM828500", "parDelegation": "false"}, {"acteurRef": "PA827910", "mandatRef": "PM828508", "parDelegation": "false"}, {"acteurRef": "PA827926", "mandatRef": "PM828562", "parDelegation": "false"}, {"acteurRef": "PA827958", "mandatRef": "PM828690", "parDelegation": "false"}, {"acteurRef": "PA827960", "mandatRef": "PM828664", "parDelegation": "false"}, {"acteurRef": "PA827992", "mandatRef": "PM828776", "parDelegation": "false"}, {"acteurRef": "PA828016", "mandatRef": "PM828876", "parDelegation": "false"}]}, "contre": null, "abstention": {"votant": [{"acteurRef": "PA736192", "mandatRef": "PM829859", "parDelegation": "false"}, {"acteurRef": "PA775260", "mandatRef": "PM775550", "parDelegation": "false"}]}}}}, {"organeRef": "PO77707", "nombreMembresGroupe": "18", "vote": {"positionMajoritaire": "pour", "decompteVoix": {"nonVotants": "0", "pour": "18", "contre": "0", "abstentions": "0", "nonVotantsVolontaires": "0"}, "decompteNominatif": {"nonVotant": null, "pour": {"votant": [{"acteurRef": "PA268007", "mandatRef": "PM829695", "parDelegation": "false"}, {"acteurRef": "PA429886", "mandatRef": "PM829757", "parDelegation": "false"}, {"acteurRef": "PA429894", "mandatRef": "PM829765", "parDelegation": "false"}, {"acteurRef": "PA736173", "mandatRef": "PM829799", "parDelegation": "false"}, {"acteurRef": "PA736175", "mandatRef": "PM829795", "parDelegation": "false"}, {"acteurRef": "PA736195", "mandatRef": "PM829855", "parDelegation": "false"}, {"acteurRef": "PA736243", "mandatRef": "PM829929", "parDelegation": "false"}, {"acteurRef": "PA756685", "mandatRef": "PM775777", "parDelegation": "false"}, {"acteurRef": "PA757676", "mandatRef": "PM829801", "parDelegation": "false"}, {"acteurRef": "PA775172", "mandatRef": "PM775474", "parDelegation": "false"}, {"acteurRef": "PA775246", "mandatRef": "PM775532", "parDelegation": "false"}, {"acteurRef": "PA775296", "mandatRef": "PM775596", "parDelegation": "false"}, {"acteurRef": "PA827898", "mandatRef": "PM828454", "parDelegation": "false"}, {"acteurRef": "PA827912", "mandatRef": "PM828488", "parDelegation": "false"}, {"acteurRef": "PA827930", "mandatRef": "PM828544", "parDelegation": "false"}, {"acteurRef": "PA827962", "mandatRef": "PM828676", "parDelegation": "false"}, {"acteurRef": "PA828002", "mandatRef": "PM828856", "parDelegation": "false"}, {"acteurRef": "PA828020", "mandatRef": "PM828864", "parDelegation": "false"}]}, "contre": null, "abstention": null}}}, {"organeRef": "PO776990", "nombreMembresGroupe": "16", "vote": {"positionMajoritaire": "pour", "decompteVoix": {"nonVotants": "0", "pour": "16", "contre": "0", "abstentions": "0", "nonVotantsVolontaires": "0"}, "decompteNominatif": {"nonVotant": null, "pour": {"votant": [{"acteurRef": "PA429845", "mandatRef": "PM829729", "parDelegation": "false"}, {"acteurRef": "PA736177", "mandatRef": "PM829835", "parDelegation": "false"}, {"acteurRef": "PA775180", "mandatRef": "PM775466", "parDelegation": "false"}, {"acteurRef": "PA775214", "mandatRef": "PM775498", "parDelegation": "false"}, {"acteurRef": "PA775224", "mandatRef": "PM775512", "parDelegation": "false"}, {"acteurRef": "PA775252", "mandatRef": "PM775558", "parDelegation": "false"}, {"acteurRef": "PA775272", "mandatRef": "PM775562", "parDelegation": "false"}, {"acteurRef": "PA775282", "mandatRef": "PM775584", "parDelegation": "false"}, {"acteurRef": "PA785857", "mandatRef": "PM785867", "parDelegation": "false"}, {"acteurRef": "PA827904", "mandatRef": "PM828514", "parDelegation": "false"}, {"acteurRef": "PA827946", "mandatRef": "PM828614", "parDelegation": "false"}, {"acteurRef": "PA827950", "mandatRef": "PM828598", "parDelegation": "false"}, {"acteurRef": "PA827968", "mandatRef": "PM828750", "parDelegation": "false"}, {"acteurRef": "PA827978", "mandatRef": "PM828730", "parDelegation": "false"}, {"acteurRef": "PA828000", "mandatRef": "PM828850", "parDelegation": "false"}, {"acteurRef": "PA828004", "mandatRef": "PM828838", "parDelegation": "false"}]}, "contre": null, "abstention": null}}}, {"organeRef": "PO77714", "nombreMembresGroupe": "16", "vote": {"positionMajoritaire": "pour", "decompteVoix": {"nonVotants": "0", "pour": "16", "contre": "0", "abstentions": "0", "nonVotantsVolontaires": "0"}, "decompteNominatif": {"nonVotant": null, "pour": {"votant": [{"acteurRef": "PA1573", "mandatRef": "PM775697", "parDelegation": "false"}, {"acteurRef": "PA337633", "mandatRef": "PM828916", "parDelegation": "false"}, {"acteurRef": "PA703495", "mandatRef": "PM775653", "parDelegation": "false"}, {"acteurRef": "PA703528", "mandatRef": "PM775693", "parDelegation": "false"}, {"acteurRef": "PA736168", "mandatRef": "PM829793", "parDelegation": "false"}, {"acteurRef": "PA736190", "mandatRef": "PM829825", "parDelegation": "false"}, {"acteurRef": "PA736228", "mandatRef": "PM829925", "parDelegation": "false"}, {"acteurRef": "PA736235", "mandatRef": "PM775795", "parDelegation": "false"}, {"acteurRef": "PA770871", "mandatRef": "PM829763", "parDelegation": "false"}, {"acteurRef": "PA775182", "mandatRef": "PM775464", "parDelegation": "false"}, {"acteurRef": "PA775226", "mandatRef": "PM775510", "parDelegation": "false"}, {"acteurRef": "PA775232", "mandatRef": "PM775538", "parDelegation": "false"}, {"acteurRef": "PA827934", "mandatRef": "PM828532", "parDelegation": "false"}, {"acteurRef": "PA827944", "mandatRef": "PM828604", "parDelegation": "false"}, {"acteurRef": "PA827956", "mandatRef": "PM828682", "parDelegation": "false"}, {"acteurRef": "PA827966", "mandatRef": "PM828658", "parDelegation": "false"}]}, "contre": null, "abstention": null}}}, {"organeRef": "PO77708", "nombreMembresGroupe": "5", "vote": {"positionMajoritaire": "pour", "decompteVoix": {"nonVotants": "0", "pour": "4", "contre": "1", "abstentions": "0", "nonVotantsVolontaires": "0"}, "decompteNominatif": {"nonVotant": null, "pour": {"votant": [{"acteurRef": "PA775262", "mandatRef": "PM775548", "parDelegation": "false"}, {"acteurRef": "PA827936", "mandatRef": "PM828640", "parDelegation": "false"}, {"acteurRef": "PA827948", "mandatRef": "PM828588", "parDelegation": "false"}, {"acteurRef": "PA828006", "mandatRef": "PM828844", "parDelegation": "false"}]}, "contre": {"votant": {"acteurRef": "PA703485", "mandatRef": "PM775811", "parDelegation": "false"}}, "abstention": null}}}]}}}, "miseAuPoint": {"nonVotants": null, "pour": null, "contre": null, "abstentions": null, "nonVotantsVolontaires": null, "dysfonctionnement": {"nonVotants": null, "pour": null, "contre": null, "abstentions": null, "nonVotantsVolontaires": null}}, "lieuVote": "Congr\u00e8s"}}